molecule_chembl_id,canonical_smiles,bioactivity_class,MW,LogP,NumHDonors,NumHAcceptors,pIC50
CHEMBL2396992,Cc1[nH]c2cc(Cl)cc(Cl)c2c1CCN,inactive,243.13699999999994,3.284320000000001,2.0,1.0,3.8096683018297086
CHEMBL2396992,Cc1[nH]c2cc(Cl)cc(Cl)c2c1CCN,inactive,243.13699999999994,3.284320000000001,2.0,1.0,3.465973893943865
CHEMBL3218635,CC(C)[C@@H]1NC(=O)[C@@H](CC(N)=O)NC(=O)[C@H](CCCNC(=N)N)NC(=O)[C@H](CCCNC(=N)N)NC(=O)[C@H](Cc2ccc(F)cc2)NC(=O)[C@H](Cc2ccc(O)cc2)NC(=O)[C@H](CCC(N)=O)NC(=O)C[C@@H](CCc2ccccc2)NC(=O)[C@@H]2CCCCN2C(=O)C(=O)C(C)(C)COC1=O,intermediate,1396.591,-1.9255600000000224,17.0,17.0,5.920818753952375
CHEMBL3218636,CCCC[C@H]1NC(=O)[C@@H](Cc2ccc3ccccc3c2)NC(=O)[C@@H](Cc2ccc3ccccc3c2)NC(=O)[C@@H](CCCCN)NC(=O)[C@H](CCCNC(=N)N)NC(=O)[C@H](Cc2ccc(F)cc2)NC(=O)[C@H](CCC(N)=O)NC(=O)C[C@@H](CCc2ccccc2)NC(=O)[C@@H]2CCCCN2C(=O)C(=O)C(C)(C)COC1=O,inactive,1499.7979999999995,4.442470000000009,13.0,15.0,5.0
CHEMBL3218637,CC1(C)COC(=O)[C@H](Cc2ccccc2)NC(=O)[C@H](CCCNC(=N)N)NC(=O)CNC(=O)[C@H](Cc2ccc(O)cc2)NC(=O)[C@@H](Cc2ccc3ccccc3c2)NC(=O)[C@H](CCCN)NC(=O)[C@H](CCC(N)=O)NC(=O)C[C@@H](CCc2ccccc2)NC(=O)[C@@H]2CCCCN2C(=O)C1=O,intermediate,1377.612,0.906869999999995,14.0,16.0,5.7447274948966935
CHEMBL3218638,CC(C)C[C@@H]1NC(=O)[C@H](CCCNC(=N)N)NC(=O)[C@H](CCCNC(=N)N)NC(=O)[C@H](Cc2ccc(O)cc2)NC(=O)[C@H](Cc2ccc(F)cc2)NC(=O)[C@H](CCCNC(=N)N)NC(=O)[C@H](CCC(N)=O)NC(=O)C[C@@H](CCc2ccccc2)NC(=O)[C@@H]2CCCCN2C(=O)C(=O)C(C)(C)COC1=O,active,1452.7029999999997,-1.1475900000000159,19.0,17.0,6.698970004336019
CHEMBL3218639,CC1(C)COC(=O)[C@H](Cc2ccccc2)NC(=O)[C@H](CCCNC(=N)N)NC(=O)[C@H](Cc2ccc(O)cc2)NC(=O)[C@@H]2CCCN2C(=O)[C@H](Cc2ccc(O)cc2)NC(=O)[C@@H](Cc2ccccc2)NC(=O)[C@H](CCC(N)=O)NC(=O)C[C@@H](CCc2ccccc2)NC(=O)[C@@H]2CCCCN2C(=O)C1=O,inactive,1416.6450000000004,1.8378700000000048,13.0,16.0,5.0
CHEMBL3218640,CC(C)C[C@@H]1NC(=O)[C@H](CCC(=O)O)NC(=O)[C@H](c2ccccc2)NC(=O)[C@@H](Cc2ccccc2)NC(=O)[C@H](CCCN)NC(=O)[C@@H]2CCCN2C(=O)[C@H](CCC(N)=O)NC(=O)C[C@@H](CCc2ccccc2)NC(=O)[C@@H]2CCCCN2C(=O)C(=O)C(C)(C)COC1=O,inactive,1276.4999999999989,1.4577999999999964,10.0,15.0,5.0
CHEMBL3218641,CCCC[C@H]1NC(=O)[C@H](Cc2ccc(F)cc2)NC(=O)[C@H](CCCN=C(N)N)NC(=O)[C@@H](Cc2ccc3ccccc3c2)NC(=O)[C@H](CCCN=C(N)N)NC(=O)[C@H](CCCN=C(N)N)NC(=O)[C@H](CCC(N)=O)NC(=O)C[C@@H](CCc2ccccc2)NC(=O)[C@@H]2CCCCN2C(=O)C(=O)C(C)(C)COC1=O,active,1486.7639999999994,-0.18490000000002094,15.0,16.0,6.154901959985743
CHEMBL3218642,CC1(C)COC(=O)[C@H](Cc2ccccc2)NC(=O)[C@H](CCCNC(=N)N)NC(=O)[C@@H](Cc2ccc3ccccc3c2)NC(=O)[C@H](CCCNC(=N)N)NC(=O)[C@@H](Cc2ccccc2)NC(=O)[C@H](CCCN=C(N)N)NC(=O)[C@H](CCC(N)=O)NC(=O)C[C@@H](CCc2ccccc2)NC(=O)[C@@H]2CCCCN2C(=O)C1=O,intermediate,1502.7910000000002,0.14783999999998176,17.0,16.0,5.958607314841775
CHEMBL3218643,CC(C)C[C@@H]1NC(=O)[C@@H](Cc2ccc3ccccc3c2)NC(=O)[C@H](CCCNC(=N)N)NC(=O)[C@@H](C(C)C)NC(=O)[C@H](CCCNC(=N)N)NC(=O)[C@H](C)NC(=O)[C@H](CCC(N)=O)NC(=O)C[C@@H](CCc2ccccc2)NC(=O)[C@@H]2CCCCN2C(=O)C(=O)C(C)(C)COC1=O,intermediate,1335.6199999999994,0.3308399999999829,15.0,15.0,5.698970004336019
CHEMBL3218644,C[C@@H]1NC(=O)[C@H](Cc2ccc(O)cc2)NC(=O)[C@H](CCCNC(=N)N)NC(=O)[C@@H]([C@H](C)O)NC(=O)CNC(=O)[C@H](CCC(N)=O)NC(=O)C[C@@H](CCc2ccccc2)NC(=O)[C@@H]2CCCCN2C(=O)C(=O)C(C)(C)COC(=O)[C@H](Cc2ccccc2)NC1=O,intermediate,1238.4109999999996,-1.8272300000000126,14.0,16.0,5.638272163982407
CHEMBL2396992,Cc1[nH]c2cc(Cl)cc(Cl)c2c1CCN,inactive,243.13699999999994,3.284320000000001,2.0,1.0,3.8096683018297086
CHEMBL3577116,CCn1c(=O)c(-c2cc(NC(=O)NCCC(C)(C)C)c(F)cc2C)cc2cnc(NC)cc21,active,453.5620000000001,5.130320000000005,3.0,5.0,6.920818753952375
CHEMBL3577115,CCn1c(=O)c(-c2ccc(F)c(NC(=O)Nc3cc(C(C)(C)C)no3)c2)cc2cnc(NC)cc21,active,478.52800000000025,5.193700000000003,3.0,7.0,7.040958607678906
CHEMBL3577114,CNc1cc2c(cn1)cc(-c1ccc(F)c(NC(=O)Nc3cc(C(C)(C)C)no3)c1)c(=O)n2[C@H]1CCOC1,active,520.5650000000003,5.135200000000005,3.0,8.0,7.2441251443275085
CHEMBL2028663,CC(C)(C)c1nc(-c2cccc(NS(=O)(=O)c3c(F)cccc3F)c2F)c(-c2ccnc(N)n2)s1,intermediate,519.5740000000002,5.364900000000003,2.0,7.0,5.230622673923861
CHEMBL1229517,CCCS(=O)(=O)Nc1ccc(F)c(C(=O)c2c[nH]c3ncc(-c4ccc(Cl)cc4)cc23)c1F,inactive,489.9310000000001,5.544200000000004,2.0,4.0,4.779891911959945
CHEMBL3577124,CNc1ncc2cc(-c3cc(NC(=O)NCCC(C)(C)C)c(F)cc3C)c(C)nc2n1,active,424.52400000000017,5.047140000000004,3.0,5.0,6.823908740944319
CHEMBL3577123,CNc1ncc2cc(-c3cc(NC(=O)NCCC(C)(C)C)c(F)cc3C)cnc2n1,active,410.4970000000001,4.738720000000003,3.0,5.0,7.795880017344075
CHEMBL3577121,CNc1cc2nc(C)c(-c3cc(NC(=O)NCCC(C)(C)C)c(F)cc3C)cc2cn1,active,423.5360000000002,5.652140000000005,3.0,4.0,6.920818753952375
CHEMBL3577120,CNc1cc2nc(C)c(-c3ccc(F)c(NC(=O)NCCC(C)(C)C)c3)cc2cn1,active,409.5090000000002,5.343720000000004,3.0,4.0,7.337242168318426
CHEMBL3577119,CNc1ncc2cc(-c3ccc(F)c(NC(=O)NCCC(C)(C)C)c3)c(C)nc2n1,active,410.49700000000024,4.738720000000003,3.0,5.0,7.318758762624412
CHEMBL3577118,CNc1cc2nc(C)c(-c3cc(NC(=O)NCCC(C)(C)C)ccc3C)cc2cn1,active,405.54600000000016,5.513040000000005,3.0,4.0,6.568636235841013
CHEMBL3577117,CNc1cc2nc(C)c(-c3cc(NC(=O)NC[C@@H](O)C(C)(C)C)c(F)cc3C)cc2cn1,active,439.5350000000002,4.622940000000003,4.0,5.0,6.795880017344075
CHEMBL4072295,CC[C@H](C)[C@@H]1NC(=O)[C@H](Cc2ccc(O)cc2)NC(=O)[C@H](CC(C)C)NC(=O)[C@@H]2CCCN2C(=O)[C@@H](NC(=O)[C@H](CCCNC(=N)N)NC(=O)[C@H](CCCNC(=N)N)NC(=O)[C@H](CCCNC(=N)N)NC(=O)[C@H](CCCNC(=N)N)NC(C)=O)CSSC[C@@H](C(=O)N[C@@H](CCCNC(=N)N)C(=O)N[C@@H](CCCNC(=N)N)C(=O)N[C@@H](CCCNC(=N)N)C(=O)N[C@@H](CCCNC(=N)N)C(N)=O)NC(=O)[C@H](C(C)C)NC(=O)[C@@H]2CCCN2C(=O)[C@H](CC(=O)O)NC(=O)[C@H](Cc2ccc(O)cc2)NC(=O)[C@H](CO)NC1=O,active,2561.0609999999974,-11.671839999999987,46.0,34.0,7.376750709602099
CHEMBL4100766,CC[C@H](C)[C@@H]1NC(=O)[C@H](Cc2ccc(O)cc2)NC(=O)[C@H](CC(C)C)NC(=O)[C@@H]2CCCN2C(=O)[C@@H](NC(C)=O)CSSC[C@@H](C(N)=O)NC(=O)[C@H](C(C)C)NC(=O)[C@@H]2CCCN2C(=O)[C@H](CC(=O)O)NC(=O)[C@H](Cc2ccc(O)cc2)NC(=O)[C@H](CO)NC1=O,active,1311.5490000000002,-1.6564000000000159,14.0,18.0,6.847711655616943
CHEMBL4082777,CC[C@H](C)[C@@H]1NC(=O)[C@H](Cc2ccc(O)cc2)NC(=O)[C@H](CC(C)C)NC(=O)[C@@H]2CCCN2C(=O)[C@@H](NC(=O)[C@H](CCCNC(=N)N)NC(=O)[C@H](CCCNC(=N)N)NC(=O)[C@H](CCCNC(=N)N)NC(=O)[C@@H](CCCNC(=N)N)NC(C)=O)CSSC[C@@H](C(=O)N[C@@H](CCCNC(=N)N)C(=O)N[C@@H](CCCNC(=N)N)C(=O)N[C@@H](CCCNC(=N)N)C(=O)N[C@H](CCCNC(=N)N)C(N)=O)NC(=O)[C@H](C(C)C)NC(=O)[C@@H]2CCCN2C(=O)[C@H](CC(=O)O)NC(=O)[C@H](Cc2ccc(O)cc2)NC(=O)[C@H](CO)NC1=O,active,2561.0609999999974,-11.671839999999987,46.0,34.0,7.086186147616283
CHEMBL4075048,CC[C@H](C)[C@@H]1NC(=O)[C@H](Cc2ccc(O)cc2)NC(=O)[C@H](CC(C)C)NC(=O)[C@H](C)NC(=O)[C@@H](NC(=O)[C@H](CCCNC(=N)N)NC(=O)[C@H](CCCNC(=N)N)NC(=O)[C@H](CCCNC(=N)N)NC(=O)[C@H](CCCNC(=N)N)NC(C)=O)CSSC[C@@H](C(=O)N[C@@H](CCCNC(=N)N)C(=O)N[C@@H](CCCNC(=N)N)C(=O)N[C@@H](CCCNC(=N)N)C(=O)N[C@@H](CCCNC(=N)N)C(N)=O)NC(=O)[C@H](C(C)C)NC(=O)[C@@H]2CCCN2C(=O)[C@H](CC(=O)O)NC(=O)[C@H](Cc2ccc(O)cc2)NC(=O)[C@H](CO)NC1=O,active,2535.0229999999974,-12.158139999999985,47.0,34.0,6.117475462045119
CHEMBL4084139,CC[C@H](C)[C@@H]1NC(=O)[C@H](Cc2ccc(O)cc2)NC(=O)[C@H](C)NC(=O)[C@@H]2CCCN2C(=O)[C@@H](NC(=O)[C@H](CCCNC(=N)N)NC(=O)[C@H](CCCNC(=N)N)NC(=O)[C@H](CCCNC(=N)N)NC(=O)[C@H](CCCNC(=N)N)NC(C)=O)CSSC[C@@H](C(=O)N[C@@H](CCCNC(=N)N)C(=O)N[C@@H](CCCNC(=N)N)C(=O)N[C@@H](CCCNC(=N)N)C(=O)N[C@@H](CCCNC(=N)N)C(N)=O)NC(=O)[C@H](C(C)C)NC(=O)[C@@H]2CCCN2C(=O)[C@H](CC(=O)O)NC(=O)[C@H](Cc2ccc(O)cc2)NC(=O)[C@H](CO)NC1=O,inactive,2518.9799999999973,-12.698039999999972,46.0,34.0,4.0
CHEMBL4063829,CC[C@H](C)[C@@H]1NC(=O)[C@H](C)NC(=O)[C@H](CC(C)C)NC(=O)[C@@H]2CCCN2C(=O)[C@@H](NC(=O)[C@H](CCCNC(=N)N)NC(=O)[C@H](CCCNC(=N)N)NC(=O)[C@H](CCCNC(=N)N)NC(=O)[C@H](CCCNC(=N)N)NC(C)=O)CSSC[C@@H](C(=O)N[C@@H](CCCNC(=N)N)C(=O)N[C@@H](CCCNC(=N)N)C(=O)N[C@@H](CCCNC(=N)N)C(=O)N[C@@H](CCCNC(=N)N)C(N)=O)NC(=O)[C@H](C(C)C)NC(=O)[C@@H]2CCCN2C(=O)[C@H](CC(=O)O)NC(=O)[C@H](Cc2ccc(O)cc2)NC(=O)[C@H](CO)NC1=O,intermediate,2468.9639999999977,-12.600239999999982,45.0,33.0,5.761953896871205
CHEMBL4075783,CC(=O)N[C@@H](CCCNC(=N)N)C(=O)N[C@@H](CCCNC(=N)N)C(=O)N[C@@H](CCCNC(=N)N)C(=O)N[C@@H](CCCNC(=N)N)C(=O)N[C@H]1CSSC[C@@H](C(=O)N[C@@H](CCCNC(=N)N)C(=O)N[C@@H](CCCNC(=N)N)C(=O)N[C@@H](CCCNC(=N)N)C(=O)N[C@@H](CCCNC(=N)N)C(N)=O)NC(=O)[C@H](C(C)C)NC(=O)[C@@H]2CCCN2C(=O)[C@H](CC(=O)O)NC(=O)[C@H](Cc2ccc(O)cc2)NC(=O)[C@H](CO)NC(=O)[C@H](C)NC(=O)[C@H](Cc2ccc(O)cc2)NC(=O)[C@H](CC(C)C)NC(=O)[C@@H]2CCCN2C1=O,inactive,2518.9799999999977,-12.698039999999967,46.0,34.0,4.405607449624573
CHEMBL4081818,CC[C@H](C)[C@@H]1NC(=O)[C@H](Cc2ccc(O)cc2)NC(=O)[C@H](CC(C)C)NC(=O)[C@@H]2CCCN2C(=O)[C@@H](NC(=O)[C@H](CCCNC(=N)N)NC(=O)[C@H](CCCNC(=N)N)NC(=O)[C@H](CCCNC(=N)N)NC(=O)[C@H](CCCNC(=N)N)NC(C)=O)CSSC[C@@H](C(=O)N[C@@H](CCCNC(=N)N)C(=O)N[C@@H](CCCNC(=N)N)C(=O)N[C@@H](CCCNC(=N)N)C(=O)N[C@@H](CCCNC(=N)N)C(N)=O)NC(=O)[C@H](C(C)C)NC(=O)[C@@H]2CCCN2C(=O)[C@H](CC(=O)O)NC(=O)[C@H](Cc2ccc(O)cc2)NC(=O)[C@H](C)NC1=O,active,2545.0619999999976,-10.644239999999979,45.0,33.0,6.11690664142431
CHEMBL4062018,CC[C@H](C)[C@@H]1NC(=O)[C@H](Cc2ccc(O)cc2)NC(=O)[C@H](CC(C)C)NC(=O)[C@@H]2CCCN2C(=O)[C@@H](NC(=O)[C@H](CCCNC(=N)N)NC(=O)[C@H](CCCNC(=N)N)NC(=O)[C@H](CCCNC(=N)N)NC(=O)[C@H](CCCNC(=N)N)NC(C)=O)CSSC[C@@H](C(=O)N[C@@H](CCCNC(=N)N)C(=O)N[C@@H](CCCNC(=N)N)C(=O)N[C@@H](CCCNC(=N)N)C(=O)N[C@@H](CCCNC(=N)N)C(N)=O)NC(=O)[C@H](C(C)C)NC(=O)[C@@H]2CCCN2C(=O)[C@H](CC(=O)O)NC(=O)[C@H](C)NC(=O)[C@H](CO)NC1=O,intermediate,2468.9639999999986,-12.600239999999983,45.0,33.0,5.377785977033705
CHEMBL4074790,CC[C@H](C)[C@@H]1NC(=O)[C@H](Cc2ccc(O)cc2)NC(=O)[C@H](CC(C)C)NC(=O)[C@@H]2CCCN2C(=O)[C@@H](NC(=O)[C@H](CCCNC(=N)N)NC(=O)[C@H](CCCNC(=N)N)NC(=O)[C@H](CCCNC(=N)N)NC(=O)[C@H](CCCNC(=N)N)NC(C)=O)CSSC[C@@H](C(=O)N[C@@H](CCCNC(=N)N)C(=O)N[C@@H](CCCNC(=N)N)C(=O)N[C@@H](CCCNC(=N)N)C(=O)N[C@@H](CCCNC(=N)N)C(N)=O)NC(=O)[C@H](C(C)C)NC(=O)[C@@H]2CCCN2C(=O)[C@H](C)NC(=O)[C@H](Cc2ccc(O)cc2)NC(=O)[C@H](CO)NC1=O,inactive,2517.051999999998,-11.126639999999973,45.0,33.0,4.187086643357144
CHEMBL4083770,CC[C@H](C)[C@@H]1NC(=O)[C@H](Cc2ccc(O)cc2)NC(=O)[C@H](CC(C)C)NC(=O)[C@@H]2CCCN2C(=O)[C@@H](NC(=O)[C@H](CCCNC(=N)N)NC(=O)[C@H](CCCNC(=N)N)NC(=O)[C@H](CCCNC(=N)N)NC(=O)[C@H](CCCNC(=N)N)NC(C)=O)CSSC[C@@H](C(=O)N[C@@H](CCCNC(=N)N)C(=O)N[C@@H](CCCNC(=N)N)C(=O)N[C@@H](CCCNC(=N)N)C(=O)N[C@@H](CCCNC(=N)N)C(N)=O)NC(=O)[C@H](C(C)C)NC(=O)[C@H](C)NC(=O)[C@H](CC(=O)O)NC(=O)[C@H](Cc2ccc(O)cc2)NC(=O)[C@H](CO)NC1=O,active,2535.022999999997,-12.158139999999994,47.0,34.0,6.665546248849069
CHEMBL4070657,CC[C@H](C)[C@@H]1NC(=O)[C@H](Cc2ccc(O)cc2)NC(=O)[C@H](CC(C)C)NC(=O)[C@@H]2CCCN2C(=O)[C@@H](NC(=O)[C@H](CCCNC(=N)N)NC(=O)[C@H](CCCNC(=N)N)NC(=O)[C@H](CCCNC(=N)N)NC(=O)[C@H](CCCNC(=N)N)NC(C)=O)CSSC[C@@H](C(=O)N[C@@H](CCCNC(=N)N)C(=O)N[C@@H](CCCNC(=N)N)C(=O)N[C@@H](CCCNC(=N)N)C(=O)N[C@@H](CCCNC(=N)N)C(N)=O)NC(=O)[C@H](C)NC(=O)[C@@H]2CCCN2C(=O)[C@H](CC(=O)O)NC(=O)[C@H](Cc2ccc(O)cc2)NC(=O)[C@H](CO)NC1=O,active,2533.006999999998,-12.307939999999988,46.0,34.0,6.978810700930062
CHEMBL4091553,CC[C@H](C)[C@@H]1NC(=O)[C@H](Cc2ccc(O)cc2)NC(=O)[C@H](CC(C)C)NC(=O)[C@@H]2CCCN2C(=O)[C@@H](NC(=O)[C@H](CCCNC(=N)N)NC(=O)[C@H](CCCNC(=N)N)NC(=O)[C@H](CCCNC(=N)N)NC(=O)[C@H](CCCNC(=N)N)NC(C)=O)CSCSC[C@@H](C(=O)N[C@@H](CCCNC(=N)N)C(=O)N[C@@H](CCCNC(=N)N)C(=O)N[C@@H](CCCNC(=N)N)C(=O)N[C@@H](CCCNC(=N)N)C(N)=O)NC(=O)[C@H](C(C)C)NC(=O)[C@@H]2CCCN2C(=O)[C@H](CC(=O)O)NC(=O)[C@H](Cc2ccc(O)cc2)NC(=O)[C@H](CO)NC1=O,active,2575.0879999999975,-11.629339999999987,46.0,34.0,6.357535479757878
CHEMBL4081270,CC[C@H](C)[C@@H]1NC(=O)[C@H](Cc2ccc(O)cc2)NC(=O)[C@H](CC(C)C)NC(=O)[C@@H]2CCCN2C(=O)[C@@H](NC(=O)[C@H](CCCNC(=N)N)NC(=O)[C@H](CCCNC(=N)N)NC(=O)[C@H](CCCNC(=N)N)NC(=O)[C@H](CCCNC(=N)N)NC(C)=O)CSCCSC[C@@H](C(=O)N[C@@H](CCCNC(=N)N)C(=O)N[C@@H](CCCNC(=N)N)C(=O)N[C@@H](CCCNC(=N)N)C(=O)N[C@@H](CCCNC(=N)N)C(N)=O)NC(=O)[C@H](C(C)C)NC(=O)[C@@H]2CCCN2C(=O)[C@H](CC(=O)O)NC(=O)[C@H](Cc2ccc(O)cc2)NC(=O)[C@H](CO)NC1=O,active,2589.114999999997,-11.586839999999986,46.0,34.0,6.183758700008217
CHEMBL4099289,CC[C@H](C)[C@@H]1NC(=O)[C@H](Cc2ccc(O)cc2)NC(=O)[C@H](CC(C)C)NC(=O)[C@@H]2CCCN2C(=O)[C@@H](NC(=O)[C@H](CCCNC(=N)N)NC(=O)[C@H](CCCNC(=N)N)NC(=O)[C@H](CCCNC(=N)N)NC(=O)[C@H](CCCNC(=N)N)NC(C)=O)CSCCCSC[C@@H](C(=O)N[C@@H](CCCNC(=N)N)C(=O)N[C@@H](CCCNC(=N)N)C(=O)N[C@@H](CCCNC(=N)N)C(=O)N[C@@H](CCCNC(=N)N)C(N)=O)NC(=O)[C@H](C(C)C)NC(=O)[C@@H]2CCCN2C(=O)[C@H](CC(=O)O)NC(=O)[C@H](Cc2ccc(O)cc2)NC(=O)[C@H](CO)NC1=O,intermediate,2603.141999999997,-11.196739999999986,46.0,34.0,5.696803942579511
CHEMBL4089137,CC[C@H](C)[C@@H]1NC(=O)[C@H](Cc2ccc(O)cc2)NC(=O)[C@H](CC(C)C)NC(=O)[C@@H]2CCCN2C(=O)[C@@H](NC(=O)[C@H](CCCNC(=N)N)NC(=O)[C@H](CCCNC(=N)N)NC(=O)[C@H](CCCNC(=N)N)NC(=O)[C@H](CCCNC(=N)N)NC(C)=O)CSC2=C(SC[C@@H](C(=O)N[C@@H](CCCNC(=N)N)C(=O)N[C@@H](CCCNC(=N)N)C(=O)N[C@@H](CCCNC(=N)N)C(=O)N[C@@H](CCCNC(=N)N)C(N)=O)NC(=O)[C@H](C(C)C)NC(=O)[C@@H]3CCCN3C(=O)[C@H](CC(=O)O)NC(=O)[C@H](Cc3ccc(O)cc3)NC(=O)[C@H](CO)NC1=O)C(=O)NC2=O,intermediate,2656.1179999999963,-12.718839999999997,47.0,36.0,5.406713932979542
CHEMBL4060952,CC[C@H](C)[C@@H]1NC(=O)[C@H](Cc2ccc(O)cc2)NC(=O)[C@H](CC(C)C)NC(=O)[C@@H]2CCCN2C(=O)[C@@H](NC(=O)[C@H](CCCNC(=N)N)NC(=O)[C@H](CCCNC(=N)N)NC(=O)[C@H](CCCNC(=N)N)NC(=O)[C@H](CCCNC(=N)N)NC(C)=O)CSCc2ccccc2CSC[C@@H](C(=O)N[C@@H](CCCNC(=N)N)C(=O)N[C@@H](CCCNC(=N)N)C(=O)N[C@@H](CCCNC(=N)N)C(=O)N[C@@H](CCCNC(=N)N)C(N)=O)NC(=O)[C@H](C(C)C)NC(=O)[C@@H]2CCCN2C(=O)[C@H](CC(=O)O)NC(=O)[C@H](Cc2ccc(O)cc2)NC(=O)[C@H](CO)NC1=O,inactive,2665.212999999996,-9.886639999999973,46.0,34.0,4.508638306165727
CHEMBL4072295,CC[C@H](C)[C@@H]1NC(=O)[C@H](Cc2ccc(O)cc2)NC(=O)[C@H](CC(C)C)NC(=O)[C@@H]2CCCN2C(=O)[C@@H](NC(=O)[C@H](CCCNC(=N)N)NC(=O)[C@H](CCCNC(=N)N)NC(=O)[C@H](CCCNC(=N)N)NC(=O)[C@H](CCCNC(=N)N)NC(C)=O)CSSC[C@@H](C(=O)N[C@@H](CCCNC(=N)N)C(=O)N[C@@H](CCCNC(=N)N)C(=O)N[C@@H](CCCNC(=N)N)C(=O)N[C@@H](CCCNC(=N)N)C(N)=O)NC(=O)[C@H](C(C)C)NC(=O)[C@@H]2CCCN2C(=O)[C@H](CC(=O)O)NC(=O)[C@H](Cc2ccc(O)cc2)NC(=O)[C@H](CO)NC1=O,active,2561.0609999999974,-11.671839999999987,46.0,34.0,7.7447274948966935
CHEMBL4100766,CC[C@H](C)[C@@H]1NC(=O)[C@H](Cc2ccc(O)cc2)NC(=O)[C@H](CC(C)C)NC(=O)[C@@H]2CCCN2C(=O)[C@@H](NC(C)=O)CSSC[C@@H](C(N)=O)NC(=O)[C@H](C(C)C)NC(=O)[C@@H]2CCCN2C(=O)[C@H](CC(=O)O)NC(=O)[C@H](Cc2ccc(O)cc2)NC(=O)[C@H](CO)NC1=O,active,1311.5490000000002,-1.6564000000000159,14.0,18.0,7.086186147616283
CHEMBL4082777,CC[C@H](C)[C@@H]1NC(=O)[C@H](Cc2ccc(O)cc2)NC(=O)[C@H](CC(C)C)NC(=O)[C@@H]2CCCN2C(=O)[C@@H](NC(=O)[C@H](CCCNC(=N)N)NC(=O)[C@H](CCCNC(=N)N)NC(=O)[C@H](CCCNC(=N)N)NC(=O)[C@@H](CCCNC(=N)N)NC(C)=O)CSSC[C@@H](C(=O)N[C@@H](CCCNC(=N)N)C(=O)N[C@@H](CCCNC(=N)N)C(=O)N[C@@H](CCCNC(=N)N)C(=O)N[C@H](CCCNC(=N)N)C(N)=O)NC(=O)[C@H](C(C)C)NC(=O)[C@@H]2CCCN2C(=O)[C@H](CC(=O)O)NC(=O)[C@H](Cc2ccc(O)cc2)NC(=O)[C@H](CO)NC1=O,active,2561.0609999999974,-11.671839999999987,46.0,34.0,7.455931955649724
CHEMBL4075048,CC[C@H](C)[C@@H]1NC(=O)[C@H](Cc2ccc(O)cc2)NC(=O)[C@H](CC(C)C)NC(=O)[C@H](C)NC(=O)[C@@H](NC(=O)[C@H](CCCNC(=N)N)NC(=O)[C@H](CCCNC(=N)N)NC(=O)[C@H](CCCNC(=N)N)NC(=O)[C@H](CCCNC(=N)N)NC(C)=O)CSSC[C@@H](C(=O)N[C@@H](CCCNC(=N)N)C(=O)N[C@@H](CCCNC(=N)N)C(=O)N[C@@H](CCCNC(=N)N)C(=O)N[C@@H](CCCNC(=N)N)C(N)=O)NC(=O)[C@H](C(C)C)NC(=O)[C@@H]2CCCN2C(=O)[C@H](CC(=O)O)NC(=O)[C@H](Cc2ccc(O)cc2)NC(=O)[C@H](CO)NC1=O,active,2535.0229999999974,-12.158139999999985,47.0,34.0,6.94692155651658
CHEMBL4084139,CC[C@H](C)[C@@H]1NC(=O)[C@H](Cc2ccc(O)cc2)NC(=O)[C@H](C)NC(=O)[C@@H]2CCCN2C(=O)[C@@H](NC(=O)[C@H](CCCNC(=N)N)NC(=O)[C@H](CCCNC(=N)N)NC(=O)[C@H](CCCNC(=N)N)NC(=O)[C@H](CCCNC(=N)N)NC(C)=O)CSSC[C@@H](C(=O)N[C@@H](CCCNC(=N)N)C(=O)N[C@@H](CCCNC(=N)N)C(=O)N[C@@H](CCCNC(=N)N)C(=O)N[C@@H](CCCNC(=N)N)C(N)=O)NC(=O)[C@H](C(C)C)NC(=O)[C@@H]2CCCN2C(=O)[C@H](CC(=O)O)NC(=O)[C@H](Cc2ccc(O)cc2)NC(=O)[C@H](CO)NC1=O,intermediate,2518.9799999999973,-12.698039999999972,46.0,34.0,5.787812395596042
CHEMBL4063829,CC[C@H](C)[C@@H]1NC(=O)[C@H](C)NC(=O)[C@H](CC(C)C)NC(=O)[C@@H]2CCCN2C(=O)[C@@H](NC(=O)[C@H](CCCNC(=N)N)NC(=O)[C@H](CCCNC(=N)N)NC(=O)[C@H](CCCNC(=N)N)NC(=O)[C@H](CCCNC(=N)N)NC(C)=O)CSSC[C@@H](C(=O)N[C@@H](CCCNC(=N)N)C(=O)N[C@@H](CCCNC(=N)N)C(=O)N[C@@H](CCCNC(=N)N)C(=O)N[C@@H](CCCNC(=N)N)C(N)=O)NC(=O)[C@H](C(C)C)NC(=O)[C@@H]2CCCN2C(=O)[C@H](CC(=O)O)NC(=O)[C@H](Cc2ccc(O)cc2)NC(=O)[C@H](CO)NC1=O,active,2468.9639999999977,-12.600239999999982,45.0,33.0,7.275724130399211
CHEMBL4075783,CC(=O)N[C@@H](CCCNC(=N)N)C(=O)N[C@@H](CCCNC(=N)N)C(=O)N[C@@H](CCCNC(=N)N)C(=O)N[C@@H](CCCNC(=N)N)C(=O)N[C@H]1CSSC[C@@H](C(=O)N[C@@H](CCCNC(=N)N)C(=O)N[C@@H](CCCNC(=N)N)C(=O)N[C@@H](CCCNC(=N)N)C(=O)N[C@@H](CCCNC(=N)N)C(N)=O)NC(=O)[C@H](C(C)C)NC(=O)[C@@H]2CCCN2C(=O)[C@H](CC(=O)O)NC(=O)[C@H](Cc2ccc(O)cc2)NC(=O)[C@H](CO)NC(=O)[C@H](C)NC(=O)[C@H](Cc2ccc(O)cc2)NC(=O)[C@H](CC(C)C)NC(=O)[C@@H]2CCCN2C1=O,intermediate,2518.9799999999977,-12.698039999999967,46.0,34.0,5.284832642151542
CHEMBL4081818,CC[C@H](C)[C@@H]1NC(=O)[C@H](Cc2ccc(O)cc2)NC(=O)[C@H](CC(C)C)NC(=O)[C@@H]2CCCN2C(=O)[C@@H](NC(=O)[C@H](CCCNC(=N)N)NC(=O)[C@H](CCCNC(=N)N)NC(=O)[C@H](CCCNC(=N)N)NC(=O)[C@H](CCCNC(=N)N)NC(C)=O)CSSC[C@@H](C(=O)N[C@@H](CCCNC(=N)N)C(=O)N[C@@H](CCCNC(=N)N)C(=O)N[C@@H](CCCNC(=N)N)C(=O)N[C@@H](CCCNC(=N)N)C(N)=O)NC(=O)[C@H](C(C)C)NC(=O)[C@@H]2CCCN2C(=O)[C@H](CC(=O)O)NC(=O)[C@H](Cc2ccc(O)cc2)NC(=O)[C@H](C)NC1=O,active,2545.0619999999976,-10.644239999999979,45.0,33.0,7.443697499232712
CHEMBL4062018,CC[C@H](C)[C@@H]1NC(=O)[C@H](Cc2ccc(O)cc2)NC(=O)[C@H](CC(C)C)NC(=O)[C@@H]2CCCN2C(=O)[C@@H](NC(=O)[C@H](CCCNC(=N)N)NC(=O)[C@H](CCCNC(=N)N)NC(=O)[C@H](CCCNC(=N)N)NC(=O)[C@H](CCCNC(=N)N)NC(C)=O)CSSC[C@@H](C(=O)N[C@@H](CCCNC(=N)N)C(=O)N[C@@H](CCCNC(=N)N)C(=O)N[C@@H](CCCNC(=N)N)C(=O)N[C@@H](CCCNC(=N)N)C(N)=O)NC(=O)[C@H](C(C)C)NC(=O)[C@@H]2CCCN2C(=O)[C@H](CC(=O)O)NC(=O)[C@H](C)NC(=O)[C@H](CO)NC1=O,active,2468.9639999999986,-12.600239999999983,45.0,33.0,6.446116973356125
CHEMBL4074790,CC[C@H](C)[C@@H]1NC(=O)[C@H](Cc2ccc(O)cc2)NC(=O)[C@H](CC(C)C)NC(=O)[C@@H]2CCCN2C(=O)[C@@H](NC(=O)[C@H](CCCNC(=N)N)NC(=O)[C@H](CCCNC(=N)N)NC(=O)[C@H](CCCNC(=N)N)NC(=O)[C@H](CCCNC(=N)N)NC(C)=O)CSSC[C@@H](C(=O)N[C@@H](CCCNC(=N)N)C(=O)N[C@@H](CCCNC(=N)N)C(=O)N[C@@H](CCCNC(=N)N)C(=O)N[C@@H](CCCNC(=N)N)C(N)=O)NC(=O)[C@H](C(C)C)NC(=O)[C@@H]2CCCN2C(=O)[C@H](C)NC(=O)[C@H](Cc2ccc(O)cc2)NC(=O)[C@H](CO)NC1=O,active,2517.051999999998,-11.126639999999973,45.0,33.0,6.010995384301463
CHEMBL4083770,CC[C@H](C)[C@@H]1NC(=O)[C@H](Cc2ccc(O)cc2)NC(=O)[C@H](CC(C)C)NC(=O)[C@@H]2CCCN2C(=O)[C@@H](NC(=O)[C@H](CCCNC(=N)N)NC(=O)[C@H](CCCNC(=N)N)NC(=O)[C@H](CCCNC(=N)N)NC(=O)[C@H](CCCNC(=N)N)NC(C)=O)CSSC[C@@H](C(=O)N[C@@H](CCCNC(=N)N)C(=O)N[C@@H](CCCNC(=N)N)C(=O)N[C@@H](CCCNC(=N)N)C(=O)N[C@@H](CCCNC(=N)N)C(N)=O)NC(=O)[C@H](C(C)C)NC(=O)[C@H](C)NC(=O)[C@H](CC(=O)O)NC(=O)[C@H](Cc2ccc(O)cc2)NC(=O)[C@H](CO)NC1=O,active,2535.022999999997,-12.158139999999994,47.0,34.0,7.920818753952375
CHEMBL4070657,CC[C@H](C)[C@@H]1NC(=O)[C@H](Cc2ccc(O)cc2)NC(=O)[C@H](CC(C)C)NC(=O)[C@@H]2CCCN2C(=O)[C@@H](NC(=O)[C@H](CCCNC(=N)N)NC(=O)[C@H](CCCNC(=N)N)NC(=O)[C@H](CCCNC(=N)N)NC(=O)[C@H](CCCNC(=N)N)NC(C)=O)CSSC[C@@H](C(=O)N[C@@H](CCCNC(=N)N)C(=O)N[C@@H](CCCNC(=N)N)C(=O)N[C@@H](CCCNC(=N)N)C(=O)N[C@@H](CCCNC(=N)N)C(N)=O)NC(=O)[C@H](C)NC(=O)[C@@H]2CCCN2C(=O)[C@H](CC(=O)O)NC(=O)[C@H](Cc2ccc(O)cc2)NC(=O)[C@H](CO)NC1=O,active,2533.006999999998,-12.307939999999988,46.0,34.0,7.356547323513812
CHEMBL4091553,CC[C@H](C)[C@@H]1NC(=O)[C@H](Cc2ccc(O)cc2)NC(=O)[C@H](CC(C)C)NC(=O)[C@@H]2CCCN2C(=O)[C@@H](NC(=O)[C@H](CCCNC(=N)N)NC(=O)[C@H](CCCNC(=N)N)NC(=O)[C@H](CCCNC(=N)N)NC(=O)[C@H](CCCNC(=N)N)NC(C)=O)CSCSC[C@@H](C(=O)N[C@@H](CCCNC(=N)N)C(=O)N[C@@H](CCCNC(=N)N)C(=O)N[C@@H](CCCNC(=N)N)C(=O)N[C@@H](CCCNC(=N)N)C(N)=O)NC(=O)[C@H](C(C)C)NC(=O)[C@@H]2CCCN2C(=O)[C@H](CC(=O)O)NC(=O)[C@H](Cc2ccc(O)cc2)NC(=O)[C@H](CO)NC1=O,active,2575.0879999999975,-11.629339999999987,46.0,34.0,6.614393726401688
CHEMBL4081270,CC[C@H](C)[C@@H]1NC(=O)[C@H](Cc2ccc(O)cc2)NC(=O)[C@H](CC(C)C)NC(=O)[C@@H]2CCCN2C(=O)[C@@H](NC(=O)[C@H](CCCNC(=N)N)NC(=O)[C@H](CCCNC(=N)N)NC(=O)[C@H](CCCNC(=N)N)NC(=O)[C@H](CCCNC(=N)N)NC(C)=O)CSCCSC[C@@H](C(=O)N[C@@H](CCCNC(=N)N)C(=O)N[C@@H](CCCNC(=N)N)C(=O)N[C@@H](CCCNC(=N)N)C(=O)N[C@@H](CCCNC(=N)N)C(N)=O)NC(=O)[C@H](C(C)C)NC(=O)[C@@H]2CCCN2C(=O)[C@H](CC(=O)O)NC(=O)[C@H](Cc2ccc(O)cc2)NC(=O)[C@H](CO)NC1=O,active,2589.114999999997,-11.586839999999986,46.0,34.0,6.370590400897281
CHEMBL4099289,CC[C@H](C)[C@@H]1NC(=O)[C@H](Cc2ccc(O)cc2)NC(=O)[C@H](CC(C)C)NC(=O)[C@@H]2CCCN2C(=O)[C@@H](NC(=O)[C@H](CCCNC(=N)N)NC(=O)[C@H](CCCNC(=N)N)NC(=O)[C@H](CCCNC(=N)N)NC(=O)[C@H](CCCNC(=N)N)NC(C)=O)CSCCCSC[C@@H](C(=O)N[C@@H](CCCNC(=N)N)C(=O)N[C@@H](CCCNC(=N)N)C(=O)N[C@@H](CCCNC(=N)N)C(=O)N[C@@H](CCCNC(=N)N)C(N)=O)NC(=O)[C@H](C(C)C)NC(=O)[C@@H]2CCCN2C(=O)[C@H](CC(=O)O)NC(=O)[C@H](Cc2ccc(O)cc2)NC(=O)[C@H](CO)NC1=O,active,2603.141999999997,-11.196739999999986,46.0,34.0,6.071604147743286
CHEMBL4089137,CC[C@H](C)[C@@H]1NC(=O)[C@H](Cc2ccc(O)cc2)NC(=O)[C@H](CC(C)C)NC(=O)[C@@H]2CCCN2C(=O)[C@@H](NC(=O)[C@H](CCCNC(=N)N)NC(=O)[C@H](CCCNC(=N)N)NC(=O)[C@H](CCCNC(=N)N)NC(=O)[C@H](CCCNC(=N)N)NC(C)=O)CSC2=C(SC[C@@H](C(=O)N[C@@H](CCCNC(=N)N)C(=O)N[C@@H](CCCNC(=N)N)C(=O)N[C@@H](CCCNC(=N)N)C(=O)N[C@@H](CCCNC(=N)N)C(N)=O)NC(=O)[C@H](C(C)C)NC(=O)[C@@H]3CCCN3C(=O)[C@H](CC(=O)O)NC(=O)[C@H](Cc3ccc(O)cc3)NC(=O)[C@H](CO)NC1=O)C(=O)NC2=O,active,2656.1179999999963,-12.718839999999997,47.0,36.0,6.705533773838407
CHEMBL4060952,CC[C@H](C)[C@@H]1NC(=O)[C@H](Cc2ccc(O)cc2)NC(=O)[C@H](CC(C)C)NC(=O)[C@@H]2CCCN2C(=O)[C@@H](NC(=O)[C@H](CCCNC(=N)N)NC(=O)[C@H](CCCNC(=N)N)NC(=O)[C@H](CCCNC(=N)N)NC(=O)[C@H](CCCNC(=N)N)NC(C)=O)CSCc2ccccc2CSC[C@@H](C(=O)N[C@@H](CCCNC(=N)N)C(=O)N[C@@H](CCCNC(=N)N)C(=O)N[C@@H](CCCNC(=N)N)C(=O)N[C@@H](CCCNC(=N)N)C(N)=O)NC(=O)[C@H](C(C)C)NC(=O)[C@@H]2CCCN2C(=O)[C@H](CC(=O)O)NC(=O)[C@H](Cc2ccc(O)cc2)NC(=O)[C@H](CO)NC1=O,inactive,2665.212999999996,-9.886639999999973,46.0,34.0,4.609064892896621
CHEMBL4072295,CC[C@H](C)[C@@H]1NC(=O)[C@H](Cc2ccc(O)cc2)NC(=O)[C@H](CC(C)C)NC(=O)[C@@H]2CCCN2C(=O)[C@@H](NC(=O)[C@H](CCCNC(=N)N)NC(=O)[C@H](CCCNC(=N)N)NC(=O)[C@H](CCCNC(=N)N)NC(=O)[C@H](CCCNC(=N)N)NC(C)=O)CSSC[C@@H](C(=O)N[C@@H](CCCNC(=N)N)C(=O)N[C@@H](CCCNC(=N)N)C(=O)N[C@@H](CCCNC(=N)N)C(=O)N[C@@H](CCCNC(=N)N)C(N)=O)NC(=O)[C@H](C(C)C)NC(=O)[C@@H]2CCCN2C(=O)[C@H](CC(=O)O)NC(=O)[C@H](Cc2ccc(O)cc2)NC(=O)[C@H](CO)NC1=O,active,2561.0609999999974,-11.671839999999987,46.0,34.0,9.0
CHEMBL4100766,CC[C@H](C)[C@@H]1NC(=O)[C@H](Cc2ccc(O)cc2)NC(=O)[C@H](CC(C)C)NC(=O)[C@@H]2CCCN2C(=O)[C@@H](NC(C)=O)CSSC[C@@H](C(N)=O)NC(=O)[C@H](C(C)C)NC(=O)[C@@H]2CCCN2C(=O)[C@H](CC(=O)O)NC(=O)[C@H](Cc2ccc(O)cc2)NC(=O)[C@H](CO)NC1=O,active,1311.5490000000002,-1.6564000000000159,14.0,18.0,7.958607314841775
CHEMBL4082777,CC[C@H](C)[C@@H]1NC(=O)[C@H](Cc2ccc(O)cc2)NC(=O)[C@H](CC(C)C)NC(=O)[C@@H]2CCCN2C(=O)[C@@H](NC(=O)[C@H](CCCNC(=N)N)NC(=O)[C@H](CCCNC(=N)N)NC(=O)[C@H](CCCNC(=N)N)NC(=O)[C@@H](CCCNC(=N)N)NC(C)=O)CSSC[C@@H](C(=O)N[C@@H](CCCNC(=N)N)C(=O)N[C@@H](CCCNC(=N)N)C(=O)N[C@@H](CCCNC(=N)N)C(=O)N[C@H](CCCNC(=N)N)C(N)=O)NC(=O)[C@H](C(C)C)NC(=O)[C@@H]2CCCN2C(=O)[C@H](CC(=O)O)NC(=O)[C@H](Cc2ccc(O)cc2)NC(=O)[C@H](CO)NC1=O,active,2561.0609999999974,-11.671839999999987,46.0,34.0,8.221848749616356
CHEMBL4075048,CC[C@H](C)[C@@H]1NC(=O)[C@H](Cc2ccc(O)cc2)NC(=O)[C@H](CC(C)C)NC(=O)[C@H](C)NC(=O)[C@@H](NC(=O)[C@H](CCCNC(=N)N)NC(=O)[C@H](CCCNC(=N)N)NC(=O)[C@H](CCCNC(=N)N)NC(=O)[C@H](CCCNC(=N)N)NC(C)=O)CSSC[C@@H](C(=O)N[C@@H](CCCNC(=N)N)C(=O)N[C@@H](CCCNC(=N)N)C(=O)N[C@@H](CCCNC(=N)N)C(=O)N[C@@H](CCCNC(=N)N)C(N)=O)NC(=O)[C@H](C(C)C)NC(=O)[C@@H]2CCCN2C(=O)[C@H](CC(=O)O)NC(=O)[C@H](Cc2ccc(O)cc2)NC(=O)[C@H](CO)NC1=O,active,2535.0229999999974,-12.158139999999985,47.0,34.0,7.721246399047171
CHEMBL4084139,CC[C@H](C)[C@@H]1NC(=O)[C@H](Cc2ccc(O)cc2)NC(=O)[C@H](C)NC(=O)[C@@H]2CCCN2C(=O)[C@@H](NC(=O)[C@H](CCCNC(=N)N)NC(=O)[C@H](CCCNC(=N)N)NC(=O)[C@H](CCCNC(=N)N)NC(=O)[C@H](CCCNC(=N)N)NC(C)=O)CSSC[C@@H](C(=O)N[C@@H](CCCNC(=N)N)C(=O)N[C@@H](CCCNC(=N)N)C(=O)N[C@@H](CCCNC(=N)N)C(=O)N[C@@H](CCCNC(=N)N)C(N)=O)NC(=O)[C@H](C(C)C)NC(=O)[C@@H]2CCCN2C(=O)[C@H](CC(=O)O)NC(=O)[C@H](Cc2ccc(O)cc2)NC(=O)[C@H](CO)NC1=O,intermediate,2518.9799999999973,-12.698039999999972,46.0,34.0,5.747146969020107
CHEMBL4063829,CC[C@H](C)[C@@H]1NC(=O)[C@H](C)NC(=O)[C@H](CC(C)C)NC(=O)[C@@H]2CCCN2C(=O)[C@@H](NC(=O)[C@H](CCCNC(=N)N)NC(=O)[C@H](CCCNC(=N)N)NC(=O)[C@H](CCCNC(=N)N)NC(=O)[C@H](CCCNC(=N)N)NC(C)=O)CSSC[C@@H](C(=O)N[C@@H](CCCNC(=N)N)C(=O)N[C@@H](CCCNC(=N)N)C(=O)N[C@@H](CCCNC(=N)N)C(=O)N[C@@H](CCCNC(=N)N)C(N)=O)NC(=O)[C@H](C(C)C)NC(=O)[C@@H]2CCCN2C(=O)[C@H](CC(=O)O)NC(=O)[C@H](Cc2ccc(O)cc2)NC(=O)[C@H](CO)NC1=O,active,2468.9639999999977,-12.600239999999982,45.0,33.0,7.301029995663981
CHEMBL4075783,CC(=O)N[C@@H](CCCNC(=N)N)C(=O)N[C@@H](CCCNC(=N)N)C(=O)N[C@@H](CCCNC(=N)N)C(=O)N[C@@H](CCCNC(=N)N)C(=O)N[C@H]1CSSC[C@@H](C(=O)N[C@@H](CCCNC(=N)N)C(=O)N[C@@H](CCCNC(=N)N)C(=O)N[C@@H](CCCNC(=N)N)C(=O)N[C@@H](CCCNC(=N)N)C(N)=O)NC(=O)[C@H](C(C)C)NC(=O)[C@@H]2CCCN2C(=O)[C@H](CC(=O)O)NC(=O)[C@H](Cc2ccc(O)cc2)NC(=O)[C@H](CO)NC(=O)[C@H](C)NC(=O)[C@H](Cc2ccc(O)cc2)NC(=O)[C@H](CC(C)C)NC(=O)[C@@H]2CCCN2C1=O,inactive,2518.9799999999977,-12.698039999999967,46.0,34.0,4.686132779630847
CHEMBL4081818,CC[C@H](C)[C@@H]1NC(=O)[C@H](Cc2ccc(O)cc2)NC(=O)[C@H](CC(C)C)NC(=O)[C@@H]2CCCN2C(=O)[C@@H](NC(=O)[C@H](CCCNC(=N)N)NC(=O)[C@H](CCCNC(=N)N)NC(=O)[C@H](CCCNC(=N)N)NC(=O)[C@H](CCCNC(=N)N)NC(C)=O)CSSC[C@@H](C(=O)N[C@@H](CCCNC(=N)N)C(=O)N[C@@H](CCCNC(=N)N)C(=O)N[C@@H](CCCNC(=N)N)C(=O)N[C@@H](CCCNC(=N)N)C(N)=O)NC(=O)[C@H](C(C)C)NC(=O)[C@@H]2CCCN2C(=O)[C@H](CC(=O)O)NC(=O)[C@H](Cc2ccc(O)cc2)NC(=O)[C@H](C)NC1=O,active,2545.0619999999976,-10.644239999999979,45.0,33.0,8.221848749616356
CHEMBL4062018,CC[C@H](C)[C@@H]1NC(=O)[C@H](Cc2ccc(O)cc2)NC(=O)[C@H](CC(C)C)NC(=O)[C@@H]2CCCN2C(=O)[C@@H](NC(=O)[C@H](CCCNC(=N)N)NC(=O)[C@H](CCCNC(=N)N)NC(=O)[C@H](CCCNC(=N)N)NC(=O)[C@H](CCCNC(=N)N)NC(C)=O)CSSC[C@@H](C(=O)N[C@@H](CCCNC(=N)N)C(=O)N[C@@H](CCCNC(=N)N)C(=O)N[C@@H](CCCNC(=N)N)C(=O)N[C@@H](CCCNC(=N)N)C(N)=O)NC(=O)[C@H](C(C)C)NC(=O)[C@@H]2CCCN2C(=O)[C@H](CC(=O)O)NC(=O)[C@H](C)NC(=O)[C@H](CO)NC1=O,active,2468.9639999999986,-12.600239999999983,45.0,33.0,7.1938200260161125
CHEMBL4074790,CC[C@H](C)[C@@H]1NC(=O)[C@H](Cc2ccc(O)cc2)NC(=O)[C@H](CC(C)C)NC(=O)[C@@H]2CCCN2C(=O)[C@@H](NC(=O)[C@H](CCCNC(=N)N)NC(=O)[C@H](CCCNC(=N)N)NC(=O)[C@H](CCCNC(=N)N)NC(=O)[C@H](CCCNC(=N)N)NC(C)=O)CSSC[C@@H](C(=O)N[C@@H](CCCNC(=N)N)C(=O)N[C@@H](CCCNC(=N)N)C(=O)N[C@@H](CCCNC(=N)N)C(=O)N[C@@H](CCCNC(=N)N)C(N)=O)NC(=O)[C@H](C(C)C)NC(=O)[C@@H]2CCCN2C(=O)[C@H](C)NC(=O)[C@H](Cc2ccc(O)cc2)NC(=O)[C@H](CO)NC1=O,inactive,2517.051999999998,-11.126639999999973,45.0,33.0,4.8124792791635365
CHEMBL4083770,CC[C@H](C)[C@@H]1NC(=O)[C@H](Cc2ccc(O)cc2)NC(=O)[C@H](CC(C)C)NC(=O)[C@@H]2CCCN2C(=O)[C@@H](NC(=O)[C@H](CCCNC(=N)N)NC(=O)[C@H](CCCNC(=N)N)NC(=O)[C@H](CCCNC(=N)N)NC(=O)[C@H](CCCNC(=N)N)NC(C)=O)CSSC[C@@H](C(=O)N[C@@H](CCCNC(=N)N)C(=O)N[C@@H](CCCNC(=N)N)C(=O)N[C@@H](CCCNC(=N)N)C(=O)N[C@@H](CCCNC(=N)N)C(N)=O)NC(=O)[C@H](C(C)C)NC(=O)[C@H](C)NC(=O)[C@H](CC(=O)O)NC(=O)[C@H](Cc2ccc(O)cc2)NC(=O)[C@H](CO)NC1=O,active,2535.022999999997,-12.158139999999994,47.0,34.0,8.698970004336019
CHEMBL4070657,CC[C@H](C)[C@@H]1NC(=O)[C@H](Cc2ccc(O)cc2)NC(=O)[C@H](CC(C)C)NC(=O)[C@@H]2CCCN2C(=O)[C@@H](NC(=O)[C@H](CCCNC(=N)N)NC(=O)[C@H](CCCNC(=N)N)NC(=O)[C@H](CCCNC(=N)N)NC(=O)[C@H](CCCNC(=N)N)NC(C)=O)CSSC[C@@H](C(=O)N[C@@H](CCCNC(=N)N)C(=O)N[C@@H](CCCNC(=N)N)C(=O)N[C@@H](CCCNC(=N)N)C(=O)N[C@@H](CCCNC(=N)N)C(N)=O)NC(=O)[C@H](C)NC(=O)[C@@H]2CCCN2C(=O)[C@H](CC(=O)O)NC(=O)[C@H](Cc2ccc(O)cc2)NC(=O)[C@H](CO)NC1=O,active,2533.006999999998,-12.307939999999988,46.0,34.0,8.154901959985743
CHEMBL4091553,CC[C@H](C)[C@@H]1NC(=O)[C@H](Cc2ccc(O)cc2)NC(=O)[C@H](CC(C)C)NC(=O)[C@@H]2CCCN2C(=O)[C@@H](NC(=O)[C@H](CCCNC(=N)N)NC(=O)[C@H](CCCNC(=N)N)NC(=O)[C@H](CCCNC(=N)N)NC(=O)[C@H](CCCNC(=N)N)NC(C)=O)CSCSC[C@@H](C(=O)N[C@@H](CCCNC(=N)N)C(=O)N[C@@H](CCCNC(=N)N)C(=O)N[C@@H](CCCNC(=N)N)C(=O)N[C@@H](CCCNC(=N)N)C(N)=O)NC(=O)[C@H](C(C)C)NC(=O)[C@@H]2CCCN2C(=O)[C@H](CC(=O)O)NC(=O)[C@H](Cc2ccc(O)cc2)NC(=O)[C@H](CO)NC1=O,active,2575.0879999999975,-11.629339999999987,46.0,34.0,7.7447274948966935
CHEMBL4081270,CC[C@H](C)[C@@H]1NC(=O)[C@H](Cc2ccc(O)cc2)NC(=O)[C@H](CC(C)C)NC(=O)[C@@H]2CCCN2C(=O)[C@@H](NC(=O)[C@H](CCCNC(=N)N)NC(=O)[C@H](CCCNC(=N)N)NC(=O)[C@H](CCCNC(=N)N)NC(=O)[C@H](CCCNC(=N)N)NC(C)=O)CSCCSC[C@@H](C(=O)N[C@@H](CCCNC(=N)N)C(=O)N[C@@H](CCCNC(=N)N)C(=O)N[C@@H](CCCNC(=N)N)C(=O)N[C@@H](CCCNC(=N)N)C(N)=O)NC(=O)[C@H](C(C)C)NC(=O)[C@@H]2CCCN2C(=O)[C@H](CC(=O)O)NC(=O)[C@H](Cc2ccc(O)cc2)NC(=O)[C@H](CO)NC1=O,active,2589.114999999997,-11.586839999999986,46.0,34.0,7.214670164989233
CHEMBL4099289,CC[C@H](C)[C@@H]1NC(=O)[C@H](Cc2ccc(O)cc2)NC(=O)[C@H](CC(C)C)NC(=O)[C@@H]2CCCN2C(=O)[C@@H](NC(=O)[C@H](CCCNC(=N)N)NC(=O)[C@H](CCCNC(=N)N)NC(=O)[C@H](CCCNC(=N)N)NC(=O)[C@H](CCCNC(=N)N)NC(C)=O)CSCCCSC[C@@H](C(=O)N[C@@H](CCCNC(=N)N)C(=O)N[C@@H](CCCNC(=N)N)C(=O)N[C@@H](CCCNC(=N)N)C(=O)N[C@@H](CCCNC(=N)N)C(N)=O)NC(=O)[C@H](C(C)C)NC(=O)[C@@H]2CCCN2C(=O)[C@H](CC(=O)O)NC(=O)[C@H](Cc2ccc(O)cc2)NC(=O)[C@H](CO)NC1=O,active,2603.141999999997,-11.196739999999986,46.0,34.0,7.080921907623926
CHEMBL4089137,CC[C@H](C)[C@@H]1NC(=O)[C@H](Cc2ccc(O)cc2)NC(=O)[C@H](CC(C)C)NC(=O)[C@@H]2CCCN2C(=O)[C@@H](NC(=O)[C@H](CCCNC(=N)N)NC(=O)[C@H](CCCNC(=N)N)NC(=O)[C@H](CCCNC(=N)N)NC(=O)[C@H](CCCNC(=N)N)NC(C)=O)CSC2=C(SC[C@@H](C(=O)N[C@@H](CCCNC(=N)N)C(=O)N[C@@H](CCCNC(=N)N)C(=O)N[C@@H](CCCNC(=N)N)C(=O)N[C@@H](CCCNC(=N)N)C(N)=O)NC(=O)[C@H](C(C)C)NC(=O)[C@@H]3CCCN3C(=O)[C@H](CC(=O)O)NC(=O)[C@H](Cc3ccc(O)cc3)NC(=O)[C@H](CO)NC1=O)C(=O)NC2=O,active,2656.1179999999963,-12.718839999999997,47.0,36.0,7.045757490560675
CHEMBL4060952,CC[C@H](C)[C@@H]1NC(=O)[C@H](Cc2ccc(O)cc2)NC(=O)[C@H](CC(C)C)NC(=O)[C@@H]2CCCN2C(=O)[C@@H](NC(=O)[C@H](CCCNC(=N)N)NC(=O)[C@H](CCCNC(=N)N)NC(=O)[C@H](CCCNC(=N)N)NC(=O)[C@H](CCCNC(=N)N)NC(C)=O)CSCc2ccccc2CSC[C@@H](C(=O)N[C@@H](CCCNC(=N)N)C(=O)N[C@@H](CCCNC(=N)N)C(=O)N[C@@H](CCCNC(=N)N)C(=O)N[C@@H](CCCNC(=N)N)C(N)=O)NC(=O)[C@H](C(C)C)NC(=O)[C@@H]2CCCN2C(=O)[C@H](CC(=O)O)NC(=O)[C@H](Cc2ccc(O)cc2)NC(=O)[C@H](CO)NC1=O,intermediate,2665.212999999996,-9.886639999999973,46.0,34.0,5.58838029403677
CHEMBL4072295,CC[C@H](C)[C@@H]1NC(=O)[C@H](Cc2ccc(O)cc2)NC(=O)[C@H](CC(C)C)NC(=O)[C@@H]2CCCN2C(=O)[C@@H](NC(=O)[C@H](CCCNC(=N)N)NC(=O)[C@H](CCCNC(=N)N)NC(=O)[C@H](CCCNC(=N)N)NC(=O)[C@H](CCCNC(=N)N)NC(C)=O)CSSC[C@@H](C(=O)N[C@@H](CCCNC(=N)N)C(=O)N[C@@H](CCCNC(=N)N)C(=O)N[C@@H](CCCNC(=N)N)C(=O)N[C@@H](CCCNC(=N)N)C(N)=O)NC(=O)[C@H](C(C)C)NC(=O)[C@@H]2CCCN2C(=O)[C@H](CC(=O)O)NC(=O)[C@H](Cc2ccc(O)cc2)NC(=O)[C@H](CO)NC1=O,active,2561.0609999999974,-11.671839999999987,46.0,34.0,7.060480747381382
CHEMBL4100766,CC[C@H](C)[C@@H]1NC(=O)[C@H](Cc2ccc(O)cc2)NC(=O)[C@H](CC(C)C)NC(=O)[C@@H]2CCCN2C(=O)[C@@H](NC(C)=O)CSSC[C@@H](C(N)=O)NC(=O)[C@H](C(C)C)NC(=O)[C@@H]2CCCN2C(=O)[C@H](CC(=O)O)NC(=O)[C@H](Cc2ccc(O)cc2)NC(=O)[C@H](CO)NC1=O,intermediate,1311.5490000000002,-1.6564000000000159,14.0,18.0,5.0101054362812265
CHEMBL4082777,CC[C@H](C)[C@@H]1NC(=O)[C@H](Cc2ccc(O)cc2)NC(=O)[C@H](CC(C)C)NC(=O)[C@@H]2CCCN2C(=O)[C@@H](NC(=O)[C@H](CCCNC(=N)N)NC(=O)[C@H](CCCNC(=N)N)NC(=O)[C@H](CCCNC(=N)N)NC(=O)[C@@H](CCCNC(=N)N)NC(C)=O)CSSC[C@@H](C(=O)N[C@@H](CCCNC(=N)N)C(=O)N[C@@H](CCCNC(=N)N)C(=O)N[C@@H](CCCNC(=N)N)C(=O)N[C@H](CCCNC(=N)N)C(N)=O)NC(=O)[C@H](C(C)C)NC(=O)[C@@H]2CCCN2C(=O)[C@H](CC(=O)O)NC(=O)[C@H](Cc2ccc(O)cc2)NC(=O)[C@H](CO)NC1=O,active,2561.0609999999974,-11.671839999999987,46.0,34.0,7.455931955649724
CHEMBL4075048,CC[C@H](C)[C@@H]1NC(=O)[C@H](Cc2ccc(O)cc2)NC(=O)[C@H](CC(C)C)NC(=O)[C@H](C)NC(=O)[C@@H](NC(=O)[C@H](CCCNC(=N)N)NC(=O)[C@H](CCCNC(=N)N)NC(=O)[C@H](CCCNC(=N)N)NC(=O)[C@H](CCCNC(=N)N)NC(C)=O)CSSC[C@@H](C(=O)N[C@@H](CCCNC(=N)N)C(=O)N[C@@H](CCCNC(=N)N)C(=O)N[C@@H](CCCNC(=N)N)C(=O)N[C@@H](CCCNC(=N)N)C(N)=O)NC(=O)[C@H](C(C)C)NC(=O)[C@@H]2CCCN2C(=O)[C@H](CC(=O)O)NC(=O)[C@H](Cc2ccc(O)cc2)NC(=O)[C@H](CO)NC1=O,active,2535.0229999999974,-12.158139999999985,47.0,34.0,6.764471553092451
CHEMBL4084139,CC[C@H](C)[C@@H]1NC(=O)[C@H](Cc2ccc(O)cc2)NC(=O)[C@H](C)NC(=O)[C@@H]2CCCN2C(=O)[C@@H](NC(=O)[C@H](CCCNC(=N)N)NC(=O)[C@H](CCCNC(=N)N)NC(=O)[C@H](CCCNC(=N)N)NC(=O)[C@H](CCCNC(=N)N)NC(C)=O)CSSC[C@@H](C(=O)N[C@@H](CCCNC(=N)N)C(=O)N[C@@H](CCCNC(=N)N)C(=O)N[C@@H](CCCNC(=N)N)C(=O)N[C@@H](CCCNC(=N)N)C(N)=O)NC(=O)[C@H](C(C)C)NC(=O)[C@@H]2CCCN2C(=O)[C@H](CC(=O)O)NC(=O)[C@H](Cc2ccc(O)cc2)NC(=O)[C@H](CO)NC1=O,inactive,2518.9799999999973,-12.698039999999972,46.0,34.0,4.0
CHEMBL4063829,CC[C@H](C)[C@@H]1NC(=O)[C@H](C)NC(=O)[C@H](CC(C)C)NC(=O)[C@@H]2CCCN2C(=O)[C@@H](NC(=O)[C@H](CCCNC(=N)N)NC(=O)[C@H](CCCNC(=N)N)NC(=O)[C@H](CCCNC(=N)N)NC(=O)[C@H](CCCNC(=N)N)NC(C)=O)CSSC[C@@H](C(=O)N[C@@H](CCCNC(=N)N)C(=O)N[C@@H](CCCNC(=N)N)C(=O)N[C@@H](CCCNC(=N)N)C(=O)N[C@@H](CCCNC(=N)N)C(N)=O)NC(=O)[C@H](C(C)C)NC(=O)[C@@H]2CCCN2C(=O)[C@H](CC(=O)O)NC(=O)[C@H](Cc2ccc(O)cc2)NC(=O)[C@H](CO)NC1=O,active,2468.9639999999977,-12.600239999999982,45.0,33.0,6.716698771296451
CHEMBL4075783,CC(=O)N[C@@H](CCCNC(=N)N)C(=O)N[C@@H](CCCNC(=N)N)C(=O)N[C@@H](CCCNC(=N)N)C(=O)N[C@@H](CCCNC(=N)N)C(=O)N[C@H]1CSSC[C@@H](C(=O)N[C@@H](CCCNC(=N)N)C(=O)N[C@@H](CCCNC(=N)N)C(=O)N[C@@H](CCCNC(=N)N)C(=O)N[C@@H](CCCNC(=N)N)C(N)=O)NC(=O)[C@H](C(C)C)NC(=O)[C@@H]2CCCN2C(=O)[C@H](CC(=O)O)NC(=O)[C@H](Cc2ccc(O)cc2)NC(=O)[C@H](CO)NC(=O)[C@H](C)NC(=O)[C@H](Cc2ccc(O)cc2)NC(=O)[C@H](CC(C)C)NC(=O)[C@@H]2CCCN2C1=O,inactive,2518.9799999999977,-12.698039999999967,46.0,34.0,4.133712660915805
CHEMBL4081818,CC[C@H](C)[C@@H]1NC(=O)[C@H](Cc2ccc(O)cc2)NC(=O)[C@H](CC(C)C)NC(=O)[C@@H]2CCCN2C(=O)[C@@H](NC(=O)[C@H](CCCNC(=N)N)NC(=O)[C@H](CCCNC(=N)N)NC(=O)[C@H](CCCNC(=N)N)NC(=O)[C@H](CCCNC(=N)N)NC(C)=O)CSSC[C@@H](C(=O)N[C@@H](CCCNC(=N)N)C(=O)N[C@@H](CCCNC(=N)N)C(=O)N[C@@H](CCCNC(=N)N)C(=O)N[C@@H](CCCNC(=N)N)C(N)=O)NC(=O)[C@H](C(C)C)NC(=O)[C@@H]2CCCN2C(=O)[C@H](CC(=O)O)NC(=O)[C@H](Cc2ccc(O)cc2)NC(=O)[C@H](C)NC1=O,active,2545.0619999999976,-10.644239999999979,45.0,33.0,7.657577319177793
CHEMBL4062018,CC[C@H](C)[C@@H]1NC(=O)[C@H](Cc2ccc(O)cc2)NC(=O)[C@H](CC(C)C)NC(=O)[C@@H]2CCCN2C(=O)[C@@H](NC(=O)[C@H](CCCNC(=N)N)NC(=O)[C@H](CCCNC(=N)N)NC(=O)[C@H](CCCNC(=N)N)NC(=O)[C@H](CCCNC(=N)N)NC(C)=O)CSSC[C@@H](C(=O)N[C@@H](CCCNC(=N)N)C(=O)N[C@@H](CCCNC(=N)N)C(=O)N[C@@H](CCCNC(=N)N)C(=O)N[C@@H](CCCNC(=N)N)C(N)=O)NC(=O)[C@H](C(C)C)NC(=O)[C@@H]2CCCN2C(=O)[C@H](CC(=O)O)NC(=O)[C@H](C)NC(=O)[C@H](CO)NC1=O,active,2468.9639999999986,-12.600239999999983,45.0,33.0,6.61261017366127
CHEMBL4074790,CC[C@H](C)[C@@H]1NC(=O)[C@H](Cc2ccc(O)cc2)NC(=O)[C@H](CC(C)C)NC(=O)[C@@H]2CCCN2C(=O)[C@@H](NC(=O)[C@H](CCCNC(=N)N)NC(=O)[C@H](CCCNC(=N)N)NC(=O)[C@H](CCCNC(=N)N)NC(=O)[C@H](CCCNC(=N)N)NC(C)=O)CSSC[C@@H](C(=O)N[C@@H](CCCNC(=N)N)C(=O)N[C@@H](CCCNC(=N)N)C(=O)N[C@@H](CCCNC(=N)N)C(=O)N[C@@H](CCCNC(=N)N)C(N)=O)NC(=O)[C@H](C(C)C)NC(=O)[C@@H]2CCCN2C(=O)[C@H](C)NC(=O)[C@H](Cc2ccc(O)cc2)NC(=O)[C@H](CO)NC1=O,inactive,2517.051999999998,-11.126639999999973,45.0,33.0,4.0
CHEMBL4083770,CC[C@H](C)[C@@H]1NC(=O)[C@H](Cc2ccc(O)cc2)NC(=O)[C@H](CC(C)C)NC(=O)[C@@H]2CCCN2C(=O)[C@@H](NC(=O)[C@H](CCCNC(=N)N)NC(=O)[C@H](CCCNC(=N)N)NC(=O)[C@H](CCCNC(=N)N)NC(=O)[C@H](CCCNC(=N)N)NC(C)=O)CSSC[C@@H](C(=O)N[C@@H](CCCNC(=N)N)C(=O)N[C@@H](CCCNC(=N)N)C(=O)N[C@@H](CCCNC(=N)N)C(=O)N[C@@H](CCCNC(=N)N)C(N)=O)NC(=O)[C@H](C(C)C)NC(=O)[C@H](C)NC(=O)[C@H](CC(=O)O)NC(=O)[C@H](Cc2ccc(O)cc2)NC(=O)[C@H](CO)NC1=O,active,2535.022999999997,-12.158139999999994,47.0,34.0,8.154901959985743
CHEMBL4070657,CC[C@H](C)[C@@H]1NC(=O)[C@H](Cc2ccc(O)cc2)NC(=O)[C@H](CC(C)C)NC(=O)[C@@H]2CCCN2C(=O)[C@@H](NC(=O)[C@H](CCCNC(=N)N)NC(=O)[C@H](CCCNC(=N)N)NC(=O)[C@H](CCCNC(=N)N)NC(=O)[C@H](CCCNC(=N)N)NC(C)=O)CSSC[C@@H](C(=O)N[C@@H](CCCNC(=N)N)C(=O)N[C@@H](CCCNC(=N)N)C(=O)N[C@@H](CCCNC(=N)N)C(=O)N[C@@H](CCCNC(=N)N)C(N)=O)NC(=O)[C@H](C)NC(=O)[C@@H]2CCCN2C(=O)[C@H](CC(=O)O)NC(=O)[C@H](Cc2ccc(O)cc2)NC(=O)[C@H](CO)NC1=O,active,2533.006999999998,-12.307939999999988,46.0,34.0,7.455931955649724
CHEMBL4091553,CC[C@H](C)[C@@H]1NC(=O)[C@H](Cc2ccc(O)cc2)NC(=O)[C@H](CC(C)C)NC(=O)[C@@H]2CCCN2C(=O)[C@@H](NC(=O)[C@H](CCCNC(=N)N)NC(=O)[C@H](CCCNC(=N)N)NC(=O)[C@H](CCCNC(=N)N)NC(=O)[C@H](CCCNC(=N)N)NC(C)=O)CSCSC[C@@H](C(=O)N[C@@H](CCCNC(=N)N)C(=O)N[C@@H](CCCNC(=N)N)C(=O)N[C@@H](CCCNC(=N)N)C(=O)N[C@@H](CCCNC(=N)N)C(N)=O)NC(=O)[C@H](C(C)C)NC(=O)[C@@H]2CCCN2C(=O)[C@H](CC(=O)O)NC(=O)[C@H](Cc2ccc(O)cc2)NC(=O)[C@H](CO)NC1=O,active,2575.0879999999975,-11.629339999999987,46.0,34.0,7.920818753952375
CHEMBL4081270,CC[C@H](C)[C@@H]1NC(=O)[C@H](Cc2ccc(O)cc2)NC(=O)[C@H](CC(C)C)NC(=O)[C@@H]2CCCN2C(=O)[C@@H](NC(=O)[C@H](CCCNC(=N)N)NC(=O)[C@H](CCCNC(=N)N)NC(=O)[C@H](CCCNC(=N)N)NC(=O)[C@H](CCCNC(=N)N)NC(C)=O)CSCCSC[C@@H](C(=O)N[C@@H](CCCNC(=N)N)C(=O)N[C@@H](CCCNC(=N)N)C(=O)N[C@@H](CCCNC(=N)N)C(=O)N[C@@H](CCCNC(=N)N)C(N)=O)NC(=O)[C@H](C(C)C)NC(=O)[C@@H]2CCCN2C(=O)[C@H](CC(=O)O)NC(=O)[C@H](Cc2ccc(O)cc2)NC(=O)[C@H](CO)NC1=O,active,2589.114999999997,-11.586839999999986,46.0,34.0,7.200659450546418
CHEMBL4099289,CC[C@H](C)[C@@H]1NC(=O)[C@H](Cc2ccc(O)cc2)NC(=O)[C@H](CC(C)C)NC(=O)[C@@H]2CCCN2C(=O)[C@@H](NC(=O)[C@H](CCCNC(=N)N)NC(=O)[C@H](CCCNC(=N)N)NC(=O)[C@H](CCCNC(=N)N)NC(=O)[C@H](CCCNC(=N)N)NC(C)=O)CSCCCSC[C@@H](C(=O)N[C@@H](CCCNC(=N)N)C(=O)N[C@@H](CCCNC(=N)N)C(=O)N[C@@H](CCCNC(=N)N)C(=O)N[C@@H](CCCNC(=N)N)C(N)=O)NC(=O)[C@H](C(C)C)NC(=O)[C@@H]2CCCN2C(=O)[C@H](CC(=O)O)NC(=O)[C@H](Cc2ccc(O)cc2)NC(=O)[C@H](CO)NC1=O,active,2603.141999999997,-11.196739999999986,46.0,34.0,6.958607314841775
CHEMBL4089137,CC[C@H](C)[C@@H]1NC(=O)[C@H](Cc2ccc(O)cc2)NC(=O)[C@H](CC(C)C)NC(=O)[C@@H]2CCCN2C(=O)[C@@H](NC(=O)[C@H](CCCNC(=N)N)NC(=O)[C@H](CCCNC(=N)N)NC(=O)[C@H](CCCNC(=N)N)NC(=O)[C@H](CCCNC(=N)N)NC(C)=O)CSC2=C(SC[C@@H](C(=O)N[C@@H](CCCNC(=N)N)C(=O)N[C@@H](CCCNC(=N)N)C(=O)N[C@@H](CCCNC(=N)N)C(=O)N[C@@H](CCCNC(=N)N)C(N)=O)NC(=O)[C@H](C(C)C)NC(=O)[C@@H]3CCCN3C(=O)[C@H](CC(=O)O)NC(=O)[C@H](Cc3ccc(O)cc3)NC(=O)[C@H](CO)NC1=O)C(=O)NC2=O,active,2656.1179999999963,-12.718839999999997,47.0,36.0,7.229147988357855
CHEMBL4060952,CC[C@H](C)[C@@H]1NC(=O)[C@H](Cc2ccc(O)cc2)NC(=O)[C@H](CC(C)C)NC(=O)[C@@H]2CCCN2C(=O)[C@@H](NC(=O)[C@H](CCCNC(=N)N)NC(=O)[C@H](CCCNC(=N)N)NC(=O)[C@H](CCCNC(=N)N)NC(=O)[C@H](CCCNC(=N)N)NC(C)=O)CSCc2ccccc2CSC[C@@H](C(=O)N[C@@H](CCCNC(=N)N)C(=O)N[C@@H](CCCNC(=N)N)C(=O)N[C@@H](CCCNC(=N)N)C(=O)N[C@@H](CCCNC(=N)N)C(N)=O)NC(=O)[C@H](C(C)C)NC(=O)[C@@H]2CCCN2C(=O)[C@H](CC(=O)O)NC(=O)[C@H](Cc2ccc(O)cc2)NC(=O)[C@H](CO)NC1=O,intermediate,2665.212999999996,-9.886639999999973,46.0,34.0,5.924453038607469
CHEMBL4466927,C=CC(=O)N1CCN(c2ncnc3c2CCN(c2cccc4ccccc24)C3)CC1,inactive,399.49800000000016,3.0271000000000017,0.0,5.0,4.795880017344075
CHEMBL4549643,C=CC(=O)N1CCN(c2ncnc3c2CCN(c2c(C)ccc4[nH]ncc24)C3)CC1,inactive,403.4900000000002,2.0586199999999995,1.0,6.0,4.795880017344075
CHEMBL4453071,C=CC(=O)N1CCN(c2ncnc3c2CCN(c2c(O)cccc2F)C3)CC1,inactive,383.42700000000013,1.7186,1.0,6.0,4.795880017344075
CHEMBL4453012,C=CC(=O)N1CCN(c2ncnc3c2CCN(c2cc(O)ccc2F)C3)CC1,inactive,383.42700000000013,1.7185999999999997,1.0,6.0,4.795880017344075
CHEMBL4457300,C=CC(=O)N1CCN(c2ncnc3c2CCN(c2cc(O)cc4ccccc24)C3)CC1,intermediate,415.4970000000002,2.7327000000000004,1.0,6.0,5.119186407719209
CHEMBL4540074,C=CC(=O)N1CCN(c2ncnc3c2CCN(c2cccc4ccc(O)cc24)C3)CC1,inactive,415.4970000000002,2.7327000000000012,1.0,6.0,4.795880017344075
CHEMBL4550990,C=CC(=O)N1CCN(c2nc(OCCN(C)C)nc3c2CCN(c2cc(O)cc4ccccc24)C3)CC1,intermediate,502.61900000000037,2.6731000000000007,1.0,8.0,5.721246399047171
CHEMBL4525173,C=CC(=O)N1CCN(c2nc(OCCCN(C)C)nc3c2CCN(c2cc(O)cc4ccccc24)C3)CC1,intermediate,516.6460000000003,3.063200000000001,1.0,8.0,5.823908740944319
CHEMBL4465028,C=CC(=O)N1CCN(c2nc(O[C@@H](C)CN(C)C)nc3c2CCN(c2cc(O)cc4ccccc24)C3)CC1,active,516.6460000000003,3.061600000000001,1.0,8.0,6.267606240177032
CHEMBL4456598,C=CC(=O)N1CCN(c2nc(OC[C@@H]3CCCN3C)nc3c2CCN(c2cc(O)cc4ccccc24)C3)CC1,active,528.6570000000002,3.205700000000002,1.0,8.0,7.154901959985743
CHEMBL4456598,C=CC(=O)N1CCN(c2nc(OC[C@@H]3CCCN3C)nc3c2CCN(c2cc(O)cc4ccccc24)C3)CC1,inactive,528.6570000000002,3.205700000000002,1.0,8.0,4.795880017344075
CHEMBL4456598,C=CC(=O)N1CCN(c2nc(OC[C@@H]3CCCN3C)nc3c2CCN(c2cc(O)cc4ccccc24)C3)CC1,inactive,528.6570000000002,3.205700000000002,1.0,8.0,4.795880017344075
CHEMBL4456598,C=CC(=O)N1CCN(c2nc(OC[C@@H]3CCCN3C)nc3c2CCN(c2cc(O)cc4ccccc24)C3)CC1,inactive,528.6570000000002,3.205700000000002,1.0,8.0,4.795880017344075
CHEMBL4456598,C=CC(=O)N1CCN(c2nc(OC[C@@H]3CCCN3C)nc3c2CCN(c2cc(O)cc4ccccc24)C3)CC1,active,528.6570000000002,3.205700000000002,1.0,8.0,7.318758762624412
CHEMBL4214264,C=CC(=O)N1CCN(c2ncnc3c(F)c(-c4c(O)cccc4F)c(Cl)cc23)CC1,active,430.84200000000016,3.768600000000003,1.0,5.0,6.027334407733889
CHEMBL4460786,C=CC(=O)N1CCN(c2nnc(-c3ccccc3)c3cc(-c4c(O)cccc4F)c(Cl)cc23)CC1,inactive,488.9500000000002,5.296500000000004,1.0,5.0,4.696803942579511
CHEMBL4476789,C=CC(=O)N1CCN(c2nnc(-c3ccccc3C)c3cc(-c4c(O)cccc4F)c(Cl)cc23)CC1,intermediate,502.97700000000026,5.604920000000005,1.0,5.0,5.243363891754152
CHEMBL4514914,C=CC(=O)N1CCN(c2nnc(-c3ccccc3Cl)c3cc(-c4c(O)cccc4F)c(Cl)cc23)CC1,intermediate,523.3950000000002,5.949900000000005,1.0,5.0,5.453457336521869
CHEMBL4515333,C=CC(=O)N1CCN(c2nnc(-c3ccccc3CC)c3cc(-c4c(O)cccc4F)c(Cl)cc23)CC1,active,517.0040000000002,5.8589000000000055,1.0,5.0,6.044312249686494
CHEMBL4466063,C=CC(=O)N1CCN(c2nnc(-c3ccccc3OC)c3cc(-c4c(O)cccc4F)c(Cl)cc23)CC1,intermediate,518.9760000000002,5.305100000000005,1.0,6.0,5.0385789059335515
CHEMBL4553629,C=CC(=O)N1CCN(c2nnc(-c3ccccc3C3CC3)c3cc(-c4c(O)cccc4F)c(Cl)cc23)CC1,intermediate,529.0150000000002,6.173900000000005,1.0,5.0,5.809668301829708
CHEMBL4460809,C=CC(=O)N1CCN(c2nnc(-c3ccccc3C(C)C)c3cc(-c4c(O)cccc4F)c(Cl)cc23)CC1,active,531.0310000000002,6.4199000000000055,1.0,5.0,6.165579296318468
CHEMBL4517656,C=CC(=O)N1CCN(c2nc(=O)n(-c3ccccc3C(C)C)c3cc(-c4c(O)cccc4F)c(Cl)cc23)CC1,active,547.0300000000001,5.508800000000006,1.0,6.0,6.995678626217358
CHEMBL4450657,C=CC(=O)N1CCN(c2nc(=O)n(-c3ccccc3C(C)C)c3nc(-c4c(O)cccc4F)c(Cl)cc23)[C@@H](C)C1,active,562.0450000000001,5.292300000000006,1.0,7.0,7.292429823902063
CHEMBL4549665,C=CC(=O)N1CCN(c2nc(=O)n(-c3ccccc3C3CC3)c3nc(-c4c(O)cccc4F)c(Cl)cc23)[C@@H](C)C1,active,560.0290000000001,5.046300000000005,1.0,7.0,6.647817481888637
CHEMBL4467413,C=CC(=O)N1CCN(c2nc(=O)n(-c3ccccc3C(C)(C)C)c3nc(-c4c(O)cccc4F)c(Cl)cc23)[C@@H](C)C1,active,576.0720000000001,5.466400000000006,1.0,7.0,6.931814138253839
CHEMBL4452137,C=CC(=O)N1CCN(c2nc(=O)n(-c3c(C)cccc3C(C)C)c3nc(-c4c(O)cccc4F)c(Cl)cc23)[C@@H](C)C1,active,576.0720000000001,5.600720000000006,1.0,7.0,7.6020599913279625
CHEMBL4464232,C=CC(=O)N1CCN(c2nc(=O)n(-c3c(C)cccc3CC)c3nc(-c4c(O)cccc4F)c(Cl)cc23)[C@@H](C)C1,active,562.0450000000001,5.039720000000004,1.0,7.0,6.896196279044043
CHEMBL4467518,C=CC(=O)N1CCN(c2nc(=O)n(-c3ncccc3C(C)C)c3nc(-c4c(O)cccc4F)c(Cl)cc23)[C@@H](C)C1,active,563.0330000000001,4.687300000000004,1.0,8.0,7.080921907623926
CHEMBL4528930,C=CC(=O)N1CCN(c2nc(=O)n(-c3ccnn3C(C)C)c3nc(-c4c(O)cccc4F)c(Cl)cc23)[C@@H](C)C1,active,552.0100000000002,3.9463000000000026,1.0,9.0,6.785156151952302
CHEMBL4573279,C=CC(=O)N1CCN(c2nc(=O)n(-c3scnc3C(C)C)c3nc(-c4c(O)cccc4F)c(Cl)cc23)[C@@H](C)C1,active,569.0620000000001,4.748800000000005,1.0,9.0,7.0915149811213505
CHEMBL4516179,C=CC(=O)N1CCN(c2nc(=O)n(-c3c(C)cnn3C(C)C)c3nc(-c4c(O)cccc4F)c(Cl)cc23)[C@@H](C)C1,active,566.037,4.254720000000003,1.0,9.0,7.275724130399211
CHEMBL4458945,C=CC(=O)N1CCN(c2nc(=O)n(-c3c(C)cccc3C)c3nc(-c4c(O)cccc4F)c(Cl)cc23)[C@@H](C)C1,active,548.0180000000001,4.785740000000004,1.0,7.0,6.51427857351842
CHEMBL4554946,C=CC(=O)N1CCN(c2nc(=O)n(-c3c(CC)cccc3CC)c3nc(-c4c(O)cccc4F)c(Cl)cc23)[C@@H](C)C1,active,576.0720000000001,5.293700000000006,1.0,7.0,7.167491087293763
CHEMBL4588277,C=CC(=O)N1CCN(c2nc(=O)n(-c3c(C4CC4)ncnc3C3CC3)c3nc(-c4c(O)cccc4F)c(Cl)cc23)[C@@H](C)C1,active,602.0700000000002,4.713700000000004,1.0,9.0,7.468521082957745
CHEMBL4434842,C=CC(=O)N1CCN(c2nc(=O)n(-c3c(C(C)C)ncnc3C(C)C)c3nc(-c4c(O)cccc4F)c(Cl)cc23)[C@@H](C)C1,active,606.1020000000001,5.205700000000005,1.0,9.0,7.6777807052660805
CHEMBL4214264,C=CC(=O)N1CCN(c2ncnc3c(F)c(-c4c(O)cccc4F)c(Cl)cc23)CC1,active,430.84200000000016,3.768600000000003,1.0,5.0,6.080398976215889
CHEMBL4460786,C=CC(=O)N1CCN(c2nnc(-c3ccccc3)c3cc(-c4c(O)cccc4F)c(Cl)cc23)CC1,inactive,488.9500000000002,5.296500000000004,1.0,5.0,4.236572006437063
CHEMBL4476789,C=CC(=O)N1CCN(c2nnc(-c3ccccc3C)c3cc(-c4c(O)cccc4F)c(Cl)cc23)CC1,intermediate,502.97700000000026,5.604920000000005,1.0,5.0,5.47755576649368
CHEMBL4514914,C=CC(=O)N1CCN(c2nnc(-c3ccccc3Cl)c3cc(-c4c(O)cccc4F)c(Cl)cc23)CC1,intermediate,523.3950000000002,5.949900000000005,1.0,5.0,5.452225294612178
CHEMBL4515333,C=CC(=O)N1CCN(c2nnc(-c3ccccc3CC)c3cc(-c4c(O)cccc4F)c(Cl)cc23)CC1,intermediate,517.0040000000002,5.8589000000000055,1.0,5.0,5.58838029403677
CHEMBL4466063,C=CC(=O)N1CCN(c2nnc(-c3ccccc3OC)c3cc(-c4c(O)cccc4F)c(Cl)cc23)CC1,intermediate,518.9760000000002,5.305100000000005,1.0,6.0,5.094204119632131
CHEMBL4553629,C=CC(=O)N1CCN(c2nnc(-c3ccccc3C3CC3)c3cc(-c4c(O)cccc4F)c(Cl)cc23)CC1,intermediate,529.0150000000002,6.173900000000005,1.0,5.0,5.145693958198919
CHEMBL4460809,C=CC(=O)N1CCN(c2nnc(-c3ccccc3C(C)C)c3cc(-c4c(O)cccc4F)c(Cl)cc23)CC1,intermediate,531.0310000000002,6.4199000000000055,1.0,5.0,5.7447274948966935
CHEMBL4517656,C=CC(=O)N1CCN(c2nc(=O)n(-c3ccccc3C(C)C)c3cc(-c4c(O)cccc4F)c(Cl)cc23)CC1,active,547.0300000000001,5.508800000000006,1.0,6.0,6.474955192963154
CHEMBL4517656,C=CC(=O)N1CCN(c2nc(=O)n(-c3ccccc3C(C)C)c3cc(-c4c(O)cccc4F)c(Cl)cc23)CC1,active,547.0300000000001,5.508800000000006,1.0,6.0,6.886056647693163
CHEMBL4456801,C=CC(=O)N1CCN(c2nc(=O)n(-c3ccccc3C(C)C)c3cc(-c4c(C)ccc5[nH]ncc45)c(Cl)cc23)CC1,active,567.0930000000001,5.848820000000006,1.0,6.0,8.096910013008056
CHEMBL4469638,C=CC(=O)N1CCN(c2nc(=O)n(-c3ccccc3C(C)C)c3cc(-c4ccccc4F)c(Cl)cc23)CC1,active,531.0310000000002,5.803200000000006,0.0,5.0,7.096910013008056
CHEMBL4465551,C=CC(=O)N1CCN(c2nc(=O)n(-c3ccccc3C(C)C)c3cc(-c4ccccc4F)c(Cl)cc23)[C@@H](C)C1,active,545.0580000000002,6.191700000000006,0.0,5.0,7.327902142064283
CHEMBL4454645,C=CC(=O)N1CCN(c2nc(=O)n(-c3ccccc3C(C)C)c3cc(-c4ccccc4Cl)c(Cl)cc23)[C@@H](C)C1,active,561.5130000000001,6.706000000000006,0.0,5.0,6.657577319177793
CHEMBL4438343,C=CC(=O)N1CCN(c2nc(=O)n(-c3ccccc3C(C)C)c3cc(-c4ccccc4C(F)(F)F)c(Cl)cc23)[C@@H](C)C1,active,595.065,7.071400000000006,0.0,5.0,6.354577730650908
CHEMBL4449810,C=CC(=O)N1CCN(c2nc(=O)n(-c3ccccc3C(C)C)c3cc(-c4c(O)cccc4F)c(Cl)cc23)[C@@H](C)C1,active,561.0570000000001,5.897300000000007,1.0,6.0,7.552841968657781
CHEMBL4439782,C=CC(=O)N1CCN(c2nc(=O)n(-c3ccccc3C(C)C)c3nc(-c4c(O)cccc4F)c(Cl)cc23)CC1,active,548.018,4.903800000000005,1.0,7.0,7.161150909262744
CHEMBL4450657,C=CC(=O)N1CCN(c2nc(=O)n(-c3ccccc3C(C)C)c3nc(-c4c(O)cccc4F)c(Cl)cc23)[C@@H](C)C1,active,562.0450000000001,5.292300000000006,1.0,7.0,7.356547323513812
CHEMBL4450519,C=CC(=O)N1CCN(c2nc(=O)n(-c3ccccc3C(C)C)c3nc(-c4ccccc4F)c(Cl)cc23)[C@@H](C)C1,active,546.0460000000002,5.586700000000006,0.0,6.0,7.180456064458132
CHEMBL4591772,C=CC(=O)N1CCN(c2nc(=O)n(-c3ccccc3C(C)C)c3nc(-c4ccccc4Cl)c(Cl)cc23)[C@@H](C)C1,active,562.5010000000001,6.101000000000006,0.0,6.0,7.251811972993799
CHEMBL4450041,C=CC(=O)N1CCN(c2nc(=O)n(-c3ccccc3C(C)C)c3nc(-c4ccccc4O)c(Cl)cc23)[C@@H](C)C1,active,544.0550000000002,5.153200000000005,1.0,7.0,6.835647144215563
CHEMBL4549665,C=CC(=O)N1CCN(c2nc(=O)n(-c3ccccc3C3CC3)c3nc(-c4c(O)cccc4F)c(Cl)cc23)[C@@H](C)C1,active,560.0290000000001,5.046300000000005,1.0,7.0,6.962573502059376
CHEMBL4467413,C=CC(=O)N1CCN(c2nc(=O)n(-c3ccccc3C(C)(C)C)c3nc(-c4c(O)cccc4F)c(Cl)cc23)[C@@H](C)C1,active,576.0720000000001,5.466400000000006,1.0,7.0,7.292429823902063
CHEMBL4452137,C=CC(=O)N1CCN(c2nc(=O)n(-c3c(C)cccc3C(C)C)c3nc(-c4c(O)cccc4F)c(Cl)cc23)[C@@H](C)C1,active,576.0720000000001,5.600720000000006,1.0,7.0,7.552841968657781
CHEMBL4464232,C=CC(=O)N1CCN(c2nc(=O)n(-c3c(C)cccc3CC)c3nc(-c4c(O)cccc4F)c(Cl)cc23)[C@@H](C)C1,active,562.0450000000001,5.039720000000004,1.0,7.0,7.6020599913279625
CHEMBL4467518,C=CC(=O)N1CCN(c2nc(=O)n(-c3ncccc3C(C)C)c3nc(-c4c(O)cccc4F)c(Cl)cc23)[C@@H](C)C1,active,563.0330000000001,4.687300000000004,1.0,8.0,7.275724130399211
CHEMBL4528930,C=CC(=O)N1CCN(c2nc(=O)n(-c3ccnn3C(C)C)c3nc(-c4c(O)cccc4F)c(Cl)cc23)[C@@H](C)C1,active,552.0100000000002,3.9463000000000026,1.0,9.0,6.661543506395395
CHEMBL4573279,C=CC(=O)N1CCN(c2nc(=O)n(-c3scnc3C(C)C)c3nc(-c4c(O)cccc4F)c(Cl)cc23)[C@@H](C)C1,active,569.0620000000001,4.748800000000005,1.0,9.0,7.200659450546418
CHEMBL4516179,C=CC(=O)N1CCN(c2nc(=O)n(-c3c(C)cnn3C(C)C)c3nc(-c4c(O)cccc4F)c(Cl)cc23)[C@@H](C)C1,active,566.037,4.254720000000003,1.0,9.0,6.896196279044043
CHEMBL4458945,C=CC(=O)N1CCN(c2nc(=O)n(-c3c(C)cccc3C)c3nc(-c4c(O)cccc4F)c(Cl)cc23)[C@@H](C)C1,active,548.0180000000001,4.785740000000004,1.0,7.0,6.701146923590294
CHEMBL4554946,C=CC(=O)N1CCN(c2nc(=O)n(-c3c(CC)cccc3CC)c3nc(-c4c(O)cccc4F)c(Cl)cc23)[C@@H](C)C1,active,576.0720000000001,5.293700000000006,1.0,7.0,7.443697499232712
CHEMBL4588277,C=CC(=O)N1CCN(c2nc(=O)n(-c3c(C4CC4)ncnc3C3CC3)c3nc(-c4c(O)cccc4F)c(Cl)cc23)[C@@H](C)C1,active,602.0700000000002,4.713700000000004,1.0,9.0,7.443697499232712
CHEMBL4434842,C=CC(=O)N1CCN(c2nc(=O)n(-c3c(C(C)C)ncnc3C(C)C)c3nc(-c4c(O)cccc4F)c(Cl)cc23)[C@@H](C)C1,active,606.1020000000001,5.205700000000005,1.0,9.0,7.6020599913279625
CHEMBL4539214,C=CC(=O)N1CCN(c2nc(=O)n(-c3c(C)ccnc3C(C)C)c3nc(-c4c(O)cccc4F)c(Cl)cc23)[C@@H](C)C1,active,577.0600000000001,4.995720000000005,1.0,8.0,7.958607314841775
CHEMBL4578214,C=CC(=O)N1CCN(c2nc(=O)n(-c3c(C(C)C)ccnc3C)c3nc(-c4c(O)cccc4F)c(Cl)cc23)[C@@H](C)C1,active,577.0600000000001,4.995720000000005,1.0,8.0,7.187086643357144
CHEMBL4527861,C=CC(=O)N1CCN(c2nc(=O)n(-c3c(C)ncnc3C(C)C)c3nc(-c4c(O)cccc4F)c(Cl)cc23)[C@@H](C)C1,active,578.0480000000001,4.390720000000004,1.0,9.0,7.42021640338319
CHEMBL4452622,C=CC(=O)N1CCN(c2nc(=O)n(-c3c(C)cccc3C(C)C)c3nc(-c4c(O)cccc4F)c(F)cc23)[C@@H](C)C1,active,559.6170000000001,5.086420000000005,1.0,7.0,7.045757490560675
CHEMBL4535757,C=CC(=O)N1CCN(c2nc(=O)n(-c3c(C)ccnc3C(C)C)c3nc(-c4c(O)cccc4F)c(F)cc23)[C@@H](C)C1,active,560.6050000000001,4.4814200000000035,1.0,8.0,7.167491087293763
CHEMBL4458041,C=CC(=O)N1CCN(c2nc(=O)n(-c3c(C(C)C)ccnc3C)c3nc(-c4c(O)cccc4F)c(F)cc23)[C@@H](C)C1,active,560.6050000000001,4.4814200000000035,1.0,8.0,6.847711655616943
CHEMBL4441771,C=CC(=O)N1CCN(c2nc(=O)n(-c3c(C)ncnc3C(C)C)c3nc(-c4c(O)cccc4F)c(F)cc23)[C@@H](C)C1,active,561.5930000000001,3.876420000000003,1.0,9.0,6.892790030352131
CHEMBL4525691,C=CC(=O)N1CC(NC(=O)Cn2ccc3cc(Br)ccc32)C1,inactive,362.22700000000003,1.9167999999999998,1.0,3.0,3.6020599913279625
CHEMBL4444447,C=CC(=O)N1CC(NC(=O)Cn2cc(C(=O)N3CCc4c(cccc4OC)C3)c3cc(Br)ccc32)C1,active,551.4410000000001,3.1239000000000017,1.0,5.0,6.195179321278838
CHEMBL4455193,C=CC(=O)N1CC(NC(=O)Cn2cc(C(=O)NCc3ccccc3)c3cc(Br)ccc32)C1,inactive,495.3770000000001,2.846800000000001,2.0,4.0,4.847711655616943
CHEMBL4569400,C=CC(=O)N1CC(NC(=O)Cn2cc(C(=O)NCCc3ccccc3)c3cc(Br)ccc32)C1,intermediate,509.40400000000017,2.8893000000000013,2.0,4.0,5.370590400897281
CHEMBL4522790,C=CC(=O)N1CC(NC(=O)Cn2cc(C(=O)N(C)Cc3ccccc3)c3cc(Br)ccc32)C1,intermediate,509.40400000000017,3.189000000000002,1.0,4.0,5.178486471595227
CHEMBL4476533,C=CC(=O)N1CC(NC(=O)Cn2cc(C(=O)N3CCc4ccccc4C3)c3cc(Br)ccc32)C1,intermediate,521.4150000000002,3.115300000000002,1.0,4.0,5.896196279044043
CHEMBL4456127,C=CC(=O)N1CC(NC(=O)Cn2cc(C(=O)N3CCc4cc(F)ccc4C3)c3cc(Br)ccc32)C1,intermediate,539.4050000000001,3.2544000000000013,1.0,4.0,5.863279432843593
CHEMBL4466759,C=CC(=O)N1CC(NC(=O)Cn2cc(C(=O)N3CCc4c(F)cccc4C3)c3cc(Br)ccc32)C1,intermediate,539.4050000000001,3.2544000000000013,1.0,4.0,5.673664139071248
CHEMBL4435858,C=CC(=O)N1CC(NC(=O)Cn2cc(C(=O)N3CCc4cc(Cl)ccc4C3)c3cc(Br)ccc32)C1,intermediate,555.8600000000001,3.7687000000000026,1.0,4.0,5.698970004336019
CHEMBL4570206,C=CC(=O)N1CC(NC(=O)Cn2cc(C(=O)N3CCc4c(Cl)cccc4C3)c3cc(Br)ccc32)C1,intermediate,555.8600000000001,3.7687000000000026,1.0,4.0,5.889410289700751
CHEMBL4520093,C=CC(=O)N1CC(NC(=O)Cn2c(C)c(C(=O)N3CCc4c(cccc4OC)C3)c3cc(Br)ccc32)C1,active,565.4680000000002,3.4323200000000025,1.0,5.0,6.52432881167557
CHEMBL4579956,C=CC(=O)N1CC(NC(=O)Cn2c(C3CC3)c(C(=O)N3CCc4c(cccc4OC)C3)c3cc(Br)ccc32)C1,active,591.5060000000002,4.001300000000002,1.0,5.0,6.856985199745905
CHEMBL4457550,C=CC(=O)N1CC(NC(=O)Cn2cc(C(=O)N3CCc4c(cccc4OC)C3)c3cc(Br)cc(C)c32)C1,active,565.4680000000001,3.4323200000000025,1.0,5.0,6.7594507517174005
CHEMBL4541628,C=CC(=O)N1CC(NC(=O)Cn2c(C)c(C(=O)N3CCc4c(cccc4OC)C3)c3cc(Br)cc(C)c32)C1,active,579.4950000000001,3.7407400000000033,1.0,5.0,6.962573502059376
CHEMBL4573277,C=CC(=O)N1CC(NC(=O)Cn2c(C)c(C(=O)N3CCc4c(cccc4OC)C3)c3cc(Cl)ccc32)C1,active,521.0170000000003,3.3232200000000027,1.0,5.0,6.432973633840939
CHEMBL4591653,C=CC(=O)N1CC(NC(=O)Cn2c(C)c(C(=O)N3CCc4c(cccc4OC)C3)c3cc(Cl)cc(C)c32)C1,active,535.0440000000002,3.6316400000000035,1.0,5.0,6.823908740944319
CHEMBL4464335,C=CC(=O)N1CC(NC(=O)Cn2c(C3CC3)c(C(=O)N3CCc4c(cccc4OC)C3)c3cc(Cl)cc(C)c32)C1,active,561.0820000000001,4.2006200000000025,1.0,5.0,6.939302159646388
CHEMBL4577812,C=CC(=O)N1CC(NC(=O)COc2ccc(Br)cc2C(=O)N2CC=C(c3ccccc3)C2)C1,intermediate,510.38800000000026,2.880300000000001,1.0,4.0,5.555955204081924
CHEMBL4444447,C=CC(=O)N1CC(NC(=O)Cn2cc(C(=O)N3CCc4c(cccc4OC)C3)c3cc(Br)ccc32)C1,inactive,551.4410000000001,3.1239000000000017,1.0,5.0,4.943095148663527
CHEMBL4455193,C=CC(=O)N1CC(NC(=O)Cn2cc(C(=O)NCc3ccccc3)c3cc(Br)ccc32)C1,inactive,495.3770000000001,2.846800000000001,2.0,4.0,4.0
CHEMBL4569400,C=CC(=O)N1CC(NC(=O)Cn2cc(C(=O)NCCc3ccccc3)c3cc(Br)ccc32)C1,inactive,509.40400000000017,2.8893000000000013,2.0,4.0,4.3851027839668655
CHEMBL4522790,C=CC(=O)N1CC(NC(=O)Cn2cc(C(=O)N(C)Cc3ccccc3)c3cc(Br)ccc32)C1,inactive,509.40400000000017,3.189000000000002,1.0,4.0,4.278189384787454
CHEMBL4476533,C=CC(=O)N1CC(NC(=O)Cn2cc(C(=O)N3CCc4ccccc4C3)c3cc(Br)ccc32)C1,inactive,521.4150000000002,3.115300000000002,1.0,4.0,4.437707135543525
CHEMBL4456127,C=CC(=O)N1CC(NC(=O)Cn2cc(C(=O)N3CCc4cc(F)ccc4C3)c3cc(Br)ccc32)C1,inactive,539.4050000000001,3.2544000000000013,1.0,4.0,4.552841968657781
CHEMBL4466759,C=CC(=O)N1CC(NC(=O)Cn2cc(C(=O)N3CCc4c(F)cccc4C3)c3cc(Br)ccc32)C1,inactive,539.4050000000001,3.2544000000000013,1.0,4.0,4.522878745280337
CHEMBL4435858,C=CC(=O)N1CC(NC(=O)Cn2cc(C(=O)N3CCc4cc(Cl)ccc4C3)c3cc(Br)ccc32)C1,inactive,555.8600000000001,3.7687000000000026,1.0,4.0,4.747146969020107
CHEMBL4570206,C=CC(=O)N1CC(NC(=O)Cn2cc(C(=O)N3CCc4c(Cl)cccc4C3)c3cc(Br)ccc32)C1,inactive,555.8600000000001,3.7687000000000026,1.0,4.0,4.621602099051862
CHEMBL4520093,C=CC(=O)N1CC(NC(=O)Cn2c(C)c(C(=O)N3CCc4c(cccc4OC)C3)c3cc(Br)ccc32)C1,intermediate,565.4680000000002,3.4323200000000025,1.0,5.0,5.774690718274137
CHEMBL4579956,C=CC(=O)N1CC(NC(=O)Cn2c(C3CC3)c(C(=O)N3CCc4c(cccc4OC)C3)c3cc(Br)ccc32)C1,active,591.5060000000002,4.001300000000002,1.0,5.0,6.218963061378868
CHEMBL4457550,C=CC(=O)N1CC(NC(=O)Cn2cc(C(=O)N3CCc4c(cccc4OC)C3)c3cc(Br)cc(C)c32)C1,inactive,565.4680000000001,3.4323200000000025,1.0,5.0,4.892790030352131
CHEMBL4541628,C=CC(=O)N1CC(NC(=O)Cn2c(C)c(C(=O)N3CCc4c(cccc4OC)C3)c3cc(Br)cc(C)c32)C1,active,579.4950000000001,3.7407400000000033,1.0,5.0,6.52432881167557
CHEMBL4573277,C=CC(=O)N1CC(NC(=O)Cn2c(C)c(C(=O)N3CCc4c(cccc4OC)C3)c3cc(Cl)ccc32)C1,intermediate,521.0170000000003,3.3232200000000027,1.0,5.0,5.449771646944906
CHEMBL4591653,C=CC(=O)N1CC(NC(=O)Cn2c(C)c(C(=O)N3CCc4c(cccc4OC)C3)c3cc(Cl)cc(C)c32)C1,active,535.0440000000002,3.6316400000000035,1.0,5.0,6.165579296318468
CHEMBL4464335,C=CC(=O)N1CC(NC(=O)Cn2c(C3CC3)c(C(=O)N3CCc4c(cccc4OC)C3)c3cc(Cl)cc(C)c32)C1,active,561.0820000000001,4.2006200000000025,1.0,5.0,6.6595558851598815
CHEMBL4577812,C=CC(=O)N1CC(NC(=O)COc2ccc(Br)cc2C(=O)N2CC=C(c3ccccc3)C2)C1,inactive,510.38800000000026,2.880300000000001,1.0,4.0,4.94692155651658
CHEMBL4464335,C=CC(=O)N1CC(NC(=O)Cn2c(C3CC3)c(C(=O)N3CCc4c(cccc4OC)C3)c3cc(Cl)cc(C)c32)C1,inactive,561.0820000000001,4.2006200000000025,1.0,5.0,5.0
CHEMBL4457820,C=CC(=O)N1CCN(c2nc(N3CC(N(C)C)C3)nc3c2C[C@@H](C)[C@H](c2c(Cl)c(C)cc4[nH]ncc24)C3)CC1,active,549.123,3.418020000000001,1.0,7.0,6.899629454882437
CHEMBL4473733,C=CC(=O)N1CCN(c2nc(OC[C@H]3CCCN3C)nc3c2C[C@@H](C)[C@H](c2c(C)ccc4[nH]ncc24)C3)CC1,active,529.6890000000002,3.487420000000002,1.0,7.0,6.627087997029894
CHEMBL4466335,C=CC(=O)N1CCN(c2nc(OCCCN(C)C)nc3c2C[C@@H](C)[C@H](c2c(C)ccc4[nH]ncc24)C3)CC1,active,517.6780000000002,3.344920000000001,1.0,7.0,6.669586226650809
CHEMBL4441401,C=CC(=O)N1CCN(c2ncnc3c2CCC(c2c(C)ccc4[nH]ncc24)C3)[C@@H](C)C1,intermediate,416.52900000000017,3.1569200000000013,1.0,5.0,5.313363730737707
CHEMBL4572411,C=CC(=O)N1CCN(c2ncnc3c2C[C@@H](C)[C@H](c2c(C)ccc4[nH]ncc24)C3)CC1,active,416.5290000000002,3.014420000000001,1.0,5.0,6.1938200260161125
CHEMBL4467039,C=CC(=O)N1CCN(c2nc(N3CC(N(C)C)C3)nc3c2C[C@@H](C)[C@H](c2c(Cl)ccc4[nH]ncc24)C3)CC1,active,535.0960000000001,3.1096000000000013,1.0,7.0,6.772113295386326
CHEMBL4572411,C=CC(=O)N1CCN(c2ncnc3c2C[C@@H](C)[C@H](c2c(C)ccc4[nH]ncc24)C3)CC1,active,416.5290000000002,3.014420000000001,1.0,5.0,6.107905397309519
CHEMBL4466335,C=CC(=O)N1CCN(c2nc(OCCCN(C)C)nc3c2C[C@@H](C)[C@H](c2c(C)ccc4[nH]ncc24)C3)CC1,active,517.6780000000002,3.344920000000001,1.0,7.0,6.329754146925876
CHEMBL4473733,C=CC(=O)N1CCN(c2nc(OC[C@H]3CCCN3C)nc3c2C[C@@H](C)[C@H](c2c(C)ccc4[nH]ncc24)C3)CC1,active,529.6890000000002,3.487420000000002,1.0,7.0,6.889410289700751
CHEMBL4457820,C=CC(=O)N1CCN(c2nc(N3CC(N(C)C)C3)nc3c2C[C@@H](C)[C@H](c2c(Cl)c(C)cc4[nH]ncc24)C3)CC1,active,549.123,3.418020000000001,1.0,7.0,6.935542010773082
CHEMBL4467039,C=CC(=O)N1CCN(c2nc(N3CC(N(C)C)C3)nc3c2C[C@@H](C)[C@H](c2c(Cl)ccc4[nH]ncc24)C3)CC1,active,535.0960000000001,3.1096000000000013,1.0,7.0,6.403402904373539
CHEMBL4475526,C=CC(=O)N1CCN2c3ncnc4cc(-c5c(C)ccc6[nH]ncc56)c(Cl)c(c34)OC[C@@H]2C1,active,460.9250000000002,3.730520000000002,1.0,6.0,7.920818753952375
CHEMBL4566835,C=CC(=O)N1CCN2c3nc(NCCN(C)C)nc4cc(-c5c(C)ccc6[nH]ncc56)c(Cl)c(c34)OC[C@@H]2C1,active,547.0630000000001,3.7040200000000025,2.0,8.0,7.7447274948966935
CHEMBL4443236,C=CC(=O)N1CCN2c3nc(N4CC(N(C)C)C4)nc4cc(-c5c(C)ccc6[nH]ncc56)c(Cl)c(c34)OC[C@@H]2C1,active,559.0740000000001,3.4807200000000016,1.0,8.0,7.6777807052660805
CHEMBL4443236,C=CC(=O)N1CCN2c3nc(N4CC(N(C)C)C4)nc4cc(-c5c(C)ccc6[nH]ncc56)c(Cl)c(c34)OC[C@@H]2C1,active,559.0740000000001,3.4807200000000016,1.0,8.0,7.721246399047171
CHEMBL4568148,C=CC(=O)N1CCN2c3nc(NC4CCN(C5CC5)CC4)nc4cc(-c5c(C)ccc6[nH]ncc56)c(Cl)c(c34)OC[C@@H]2C1,active,599.1390000000001,4.769220000000003,2.0,8.0,7.920818753952375
CHEMBL4452819,C=CC(=O)N1CCN2c3ncnc4c(F)c(-c5c(O)cccc5F)c(Cl)c(c34)OC[C@@H]2C1,active,458.8520000000002,3.529600000000002,1.0,6.0,7.5376020021010435
CHEMBL4450793,C=CC(=O)N1CCN2c3ncnc4cc(-c5c(O)cccc5Cl)c(Cl)c(c34)OC[C@@H]2C1,active,457.31700000000023,3.9048000000000025,1.0,6.0,7.494850021680094
CHEMBL4455938,C=CC(=O)N1CCN2c3ncnc4cc(-c5c(O)cccc5F)c(Cl)c(c34)OC[C@@H]2C1,active,440.8620000000002,3.390500000000002,1.0,6.0,7.013228265733755
CHEMBL4475526,C=CC(=O)N1CCN2c3ncnc4cc(-c5c(C)ccc6[nH]ncc56)c(Cl)c(c34)OC[C@@H]2C1,active,460.9250000000002,3.730520000000002,1.0,6.0,7.086186147616283
CHEMBL4475526,C=CC(=O)N1CCN2c3ncnc4cc(-c5c(C)ccc6[nH]ncc56)c(Cl)c(c34)OC[C@@H]2C1,active,460.9250000000002,3.730520000000002,1.0,6.0,6.910094888560602
CHEMBL4452974,C=CC(=O)N1CCN2c3c(cnc4c(F)c(-c5c(O)cccc5F)c(Cl)cc34)N(C)C(=O)[C@H]2C1,active,484.8900000000002,3.718600000000004,1.0,5.0,7.7447274948966935
CHEMBL4548586,C=CC(=O)N1CCN2c3c(cnc4cc(-c5c(C)ccc6[nH]ncc56)c(Cl)cc34)OCC[C@H]2C1,active,473.9640000000002,4.725620000000005,1.0,5.0,6.202732459169283
CHEMBL4572730,C=CC(=O)N1CCN2c3c(cnc4c(OC)c(-c5c(O)cccc5F)c(Cl)cc34)OC[C@H]2C1,active,469.90000000000015,4.004100000000004,1.0,6.0,7.154901959985743
CHEMBL4461958,C=CC(=O)N1C[C@@H]2COc3cnc4cc(-c5c(O)cccc5F)c(Cl)cc4c3N2C[C@@H]1C,intermediate,453.9010000000002,4.384000000000004,1.0,5.0,5.116168286670548
CHEMBL4456612,C=CC(=O)N1CCN2c3c(cnc4cc(-c5c(C)ccc6[nH]ncc56)c(Cl)cc34)OCC[C@@H]2C1,intermediate,473.9640000000002,4.725620000000005,1.0,5.0,5.3623101808815985
CHEMBL4567284,C=CC(=O)N1CCN2c3c(cnc4c(C)c(-c5c(O)cccc5F)c(Cl)cc34)OC[C@H]2C1,active,453.90100000000024,4.303920000000004,1.0,5.0,7.013228265733755
CHEMBL4591572,C=CC(=O)N1CCN2c3c(cnc4c(F)c(-c5c(O)cccc5F)c(Cl)cc34)OC[C@H]2C1,active,457.8640000000002,4.134600000000003,1.0,5.0,7.795880017344075
CHEMBL4483782,C=CC(=O)N1CCN2c3c(cnc4cc(-c5c(C)ccc6[nH]ncc56)c(Cl)cc34)OC[C@H]2C1,intermediate,459.9370000000002,4.335520000000004,1.0,5.0,5.8598063214213685
CHEMBL4483782,C=CC(=O)N1CCN2c3c(cnc4cc(-c5c(C)ccc6[nH]ncc56)c(Cl)cc34)OC[C@H]2C1,active,459.9370000000002,4.335520000000004,1.0,5.0,7.0915149811213505
CHEMBL4454588,C=CC(=O)N1CCN2c3c(cnc4cc(-c5c(C)ccc6[nH]ncc56)c(Cl)cc34)OC[C@@H]2C1,active,459.9370000000002,4.335520000000004,1.0,5.0,6.214670164989233
CHEMBL4454588,C=CC(=O)N1CCN2c3c(cnc4cc(-c5c(C)ccc6[nH]ncc56)c(Cl)cc34)OC[C@@H]2C1,intermediate,459.9370000000002,4.335520000000004,1.0,5.0,5.052713355322202
CHEMBL4453777,C=CC(=O)N1CCN2c3c(cnc4cc(-c5c(O)cccc5F)c(Cl)cc34)NC(=O)[C@H]2C1,active,452.87300000000016,3.555200000000002,2.0,5.0,7.136677139879544
CHEMBL4551121,C=CC(=O)N1CCN2c3c(cnc4cc(-c5c(O)cccc5F)c(Cl)cc34)N(C)C(=O)[C@H]2C1,active,466.9000000000002,3.579500000000003,1.0,5.0,6.823908740944319
CHEMBL4455191,C=CC(=O)N1C[C@@H]2COc3cnc4cc(-c5c(O)cccc5F)c(Cl)cc4c3N2C[C@H]1C,active,453.9010000000002,4.384000000000004,1.0,5.0,7.2839966563652006
CHEMBL4456368,C=CC(=O)N1CCN2c3c(cnc4cc(-c5c(O)cccc5F)c(Cl)cc34)OC[C@H]2C1,active,439.8740000000002,3.9955000000000043,1.0,5.0,6.675717544702307
CHEMBL4560503,C=CC(=O)N1CCN2c3c(cnc4cc(-c5c(O)cccc5F)c(Cl)cc34)NC[C@H]2C1,active,438.89000000000016,4.028600000000003,2.0,5.0,6.412289034981089
CHEMBL4461913,C=CC(=O)N1CCN2c3c(cnc4cc(-c5c(O)cccc5F)c(Cl)cc34)N(C)C[C@H]2C1,active,452.9170000000002,4.052900000000004,1.0,5.0,6.87942606879415
CHEMBL4536127,C=CC(=O)N1CCN(c2ncnc3cc(-c4c(C)ccc5[nH]ncc45)c(Cl)cc23)CC1,active,432.91500000000013,3.969520000000002,1.0,5.0,6.304518323509803
CHEMBL4461434,C=CC(=O)N1C[C@@H]2C(=O)N(C)c3cnc4c(F)c(-c5c(O)cccc5F)c(Cl)cc4c3N2C[C@H]1C,active,498.91700000000014,4.1071000000000035,1.0,5.0,8.301029995663981
